video_id,title,description,channel_id,channel_title,published_at,category_id,duration,definition,caption_status,live_broadcast_content,tags,view_count,like_count,comment_count,favorite_count,data_source,duration_seconds,is_outlier,publication_date,publication_year,publication_month,publication_month_name,publication_day,publication_day_name,publication_hour,posting_time_group,video_duration_seconds,video_duration_minutes,duration_category,total_interactions,engagement_rate,like_rate,comment_rate,video_age_days,views_per_day,likes_per_day,comments_per_day,performance_category
fBbnGbmPIoL,Top 10 NumPy Tips and Tricks,[SYNTHETIC] Top 10 NumPy Tips and Tricks — sample description for demo purposes.,UC_DATA002,DataDriven,2022-01-11 02:17:28+00:00,28,PT6M44S,hd,False,none,NumPy|Machine Learning|Tableau|AI,54448,3123,731,0,SYNTHETIC_SAMPLE,404,False,2022-01-11,2022,1,January,11,Tuesday,7,Morning,404,6.73,Medium,3854,7.0783,5.7357,1.3426,1674,32.53,1.87,0.44,High
cDh7fsO4xme,SQL Full Project Walkthrough,[SYNTHETIC] SQL Full Project Walkthrough — sample description for demo purposes.,UC_PYTH006,PythonPro,2024-10-24 05:41:00+00:00,28,PT4M36S,hd,False,none,Pandas|Power BI,21177,721,91,0,SYNTHETIC_SAMPLE,276,False,2024-10-24,2024,10,October,24,Thursday,11,Morning,276,4.6,Short,812,3.8343,3.4046,0.4297,657,32.23,1.1,0.14,Average
r7PMkUky-OJ,The Ultimate Data Engineering Guide,[SYNTHETIC] The Ultimate Data Engineering Guide — sample description for demo purposes.,UC_BIZA007,BizAnalyst,2024-11-29 12:16:09+00:00,22,PT26M7S,sd,True,none,Data Analytics|Business Intelligence|AI,39157,1406,138,0,SYNTHETIC_SAMPLE,1567,False,2024-11-29,2024,11,November,29,Friday,17,Evening,1567,26.12,Long,1544,3.9431,3.5907,0.3524,621,63.05,2.26,0.22,Average
4PjiVIVBLx-,Advanced Tableau Techniques,[SYNTHETIC] Advanced Tableau Techniques — sample description for demo purposes.,UC_ANAL005,AnalyticsHub,2022-08-03 21:22:52+00:00,28,PT36M29S,sd,True,none,Power BI|Machine Learning,93287,2321,721,0,SYNTHETIC_SAMPLE,2189,False,2022-08-04,2022,8,August,4,Thursday,2,Late Night,2189,36.48,Long,3042,3.2609,2.488,0.7729,1469,63.5,1.58,0.49,Low
3aURIrPhBD9,SQL Full Project Walkthrough,[SYNTHETIC] SQL Full Project Walkthrough — sample description for demo purposes.,UC_CODE003,CodeMaster,2023-02-14 03:51:19+00:00,24,PT12M59S,hd,True,none,Dashboard|Tableau|Machine Learning|Excel,15100,710,220,0,SYNTHETIC_SAMPLE,779,False,2023-02-14,2023,2,February,14,Tuesday,9,Morning,779,12.98,Medium,930,6.1589,4.702,1.457,1275,11.84,0.56,0.17,Average
x-ZppKfU0_I,Advanced Dashboard Techniques,[SYNTHETIC] Advanced Dashboard Techniques — sample description for demo purposes.,UC_CODE003,CodeMaster,2022-07-15 08:41:30+00:00,25,PT2M22S,hd,False,none,NumPy|Dashboard|Deep Learning,15101,667,32,0,SYNTHETIC_SAMPLE,142,False,2022-07-15,2022,7,July,15,Friday,14,Afternoon,142,2.37,Short,699,4.6288,4.4169,0.2119,1489,10.14,0.45,0.02,Average
hovLooeOo53,Tableau Interview Questions and Answers,[SYNTHETIC] Tableau Interview Questions and Answers — sample description for demo purposes.,UC_LEAI004,LearnWithAI,2022-04-21 01:45:12+00:00,25,PT11M22S,hd,False,none,Tableau|Machine Learning|ETL|Power BI|AI,299381,12174,2396,0,SYNTHETIC_SAMPLE,682,True,2022-04-21,2022,4,April,21,Thursday,7,Morning,682,11.37,Medium,14570,4.8667,4.0664,0.8003,1574,190.2,7.73,1.52,Average
3dPPdUZgmIi,How to Master Tableau in 2024,[SYNTHETIC] How to Master Tableau in 2024 — sample description for demo purposes.,UC_SQLE008,SQLExpert,2022-10-13 00:55:47+00:00,24,PT2M50S,sd,False,none,SQL|Data Engineering|Power BI,30139,1048,194,0,SYNTHETIC_SAMPLE,170,False,2022-10-13,2022,10,October,13,Thursday,6,Morning,170,2.83,Short,1242,4.1209,3.4772,0.6437,1399,21.54,0.75,0.14,Average
nzdy-qYDB9-,How to Master Python in 2024,[SYNTHETIC] How to Master Python in 2024 — sample description for demo purposes.,UC_TECH001,TechInsights,2024-05-13 08:32:41+00:00,25,PT31M9S,sd,True,none,Data Science|Tableau|Data Analytics,28464,616,214,0,SYNTHETIC_SAMPLE,1869,False,2024-05-13,2024,5,May,13,Monday,14,Afternoon,1869,31.15,Long,830,2.916,2.1641,0.7518,821,34.67,0.75,0.26,Low
dG2ee3z8KLc,Data Analytics Tutorial for Beginners,[SYNTHETIC] Data Analytics Tutorial for Beginners — sample description for demo purposes.,UC_TECH001,TechInsights,2022-05-08 08:33:46+00:00,22,PT13M34S,sd,False,none,Tableau|Business Intelligence|Pandas|Machine Learning,95879,7129,786,0,SYNTHETIC_SAMPLE,814,False,2022-05-08,2022,5,May,8,Sunday,14,Afternoon,814,13.57,Medium,7915,8.2552,7.4354,0.8198,1557,61.58,4.58,0.5,High
KgIGiwepsCI,Build a Data Science Dashboard from Scratch,[SYNTHETIC] Build a Data Science Dashboard from Scratch — sample description for demo purposes.,UC_BIZA007,BizAnalyst,2023-04-15 22:39:23+00:00,27,PT6M14S,hd,False,none,Machine Learning|NumPy,10321,109,98,0,SYNTHETIC_SAMPLE,374,False,2023-04-16,2023,4,April,16,Sunday,4,Late Night,374,6.23,Medium,207,2.0056,1.0561,0.9495,1214,8.5,0.09,0.08,Low
OqF52fBraXO,Complete Visualization Course — Zero to Hero,[SYNTHETIC] Complete Visualization Course — Zero to Hero — sample description for demo purposes.,UC_DATA002,DataDriven,2023-02-11 22:24:00+00:00,28,PT8M35S,hd,False,none,Visualization|Python|Power BI|Data Analytics|Statistics,17155,1033,59,0,SYNTHETIC_SAMPLE,515,False,2023-02-12,2023,2,February,12,Sunday,3,Late Night,515,8.58,Medium,1092,6.3655,6.0216,0.3439,1277,13.43,0.81,0.05,Average
t5Y35npgX4A,Data Analytics Project Ideas for Your Resume,[SYNTHETIC] Data Analytics Project Ideas for Your Resume — sample description for demo purposes.,UC_CODE003,CodeMaster,2024-08-22 03:56:17+00:00,25,PT14M25S,hd,True,none,Excel|Deep Learning|Python,26738,544,62,0,SYNTHETIC_SAMPLE,865,False,2024-08-22,2024,8,August,22,Thursday,9,Morning,865,14.42,Medium,606,2.2664,2.0346,0.2319,720,37.14,0.76,0.09,Low
g32o0DtYobm,Learn Deep Learning the Right Way,[SYNTHETIC] Learn Deep Learning the Right Way — sample description for demo purposes.,UC_CODE003,CodeMaster,2023-05-25 22:29:33+00:00,22,PT9M14S,sd,True,none,Statistics|Dashboard|AI|Business Intelligence,2013,57,23,0,SYNTHETIC_SAMPLE,554,False,2023-05-26,2023,5,May,26,Friday,3,Late Night,554,9.23,Medium,80,3.9742,2.8316,1.1426,1174,1.71,0.05,0.02,Average
cMwYB_h5mcB,Advanced Power BI Techniques,[SYNTHETIC] Advanced Power BI Techniques — sample description for demo purposes.,UC_PYTH006,PythonPro,2024-03-18 16:02:07+00:00,28,PT27M12S,hd,False,none,SQL|Business Intelligence|Dashboard|ETL|Deep Learning,3154,159,46,0,SYNTHETIC_SAMPLE,1632,False,2024-03-18,2024,3,March,18,Monday,21,Night,1632,27.2,Long,205,6.4997,5.0412,1.4585,877,3.6,0.18,0.05,Average
iA8R5NtJasB,Dashboard Explained in 10 Minutes,[SYNTHETIC] Dashboard Explained in 10 Minutes — sample description for demo purposes.,UC_DATA002,DataDriven,2024-06-19 23:23:59+00:00,22,PT10M34S,sd,False,none,Data Engineering|Tableau|ETL|AI|Visualization,15278,583,73,0,SYNTHETIC_SAMPLE,634,False,2024-06-20,2024,6,June,20,Thursday,4,Late Night,634,10.57,Medium,656,4.2938,3.8159,0.4778,783,19.51,0.74,0.09,Average
ptZjc_NXD4K,Data Science vs Everything — Which is Best?,[SYNTHETIC] Data Science vs Everything — Which is Best? — sample description for demo purposes.,UC_CODE003,CodeMaster,2024-12-17 17:58:05+00:00,28,PT10M43S,sd,False,none,Pandas|Machine Learning|Python|Data Engineering|AI,5931,98,84,0,SYNTHETIC_SAMPLE,643,False,2024-12-17,2024,12,December,17,Tuesday,23,Night,643,10.72,Medium,182,3.0686,1.6523,1.4163,602,9.85,0.16,0.14,Low
6hiDHJuWC05,Complete Pandas Course — Zero to Hero,[SYNTHETIC] Complete Pandas Course — Zero to Hero — sample description for demo purposes.,UC_DATA002,DataDriven,2023-10-25 22:02:54+00:00,24,PT50M22S,sd,True,none,Data Engineering|NumPy|Pandas|Deep Learning|Business Intelligence,43741,1859,375,0,SYNTHETIC_SAMPLE,3022,False,2023-10-26,2023,10,October,26,Thursday,3,Late Night,3022,50.37,Long,2234,5.1073,4.25,0.8573,1021,42.84,1.82,0.37,Average
ruIioSTeAIA,The Ultimate ETL Guide,[SYNTHETIC] The Ultimate ETL Guide — sample description for demo purposes.,UC_ANAL005,AnalyticsHub,2022-11-18 07:20:41+00:00,25,PT12M30S,sd,False,none,AI|ETL,5045,77,23,0,SYNTHETIC_SAMPLE,750,False,2022-11-18,2022,11,November,18,Friday,12,Afternoon,750,12.5,Medium,100,1.9822,1.5263,0.4559,1363,3.7,0.06,0.02,Low
Z5FrFyQZU16,Learn Data Science the Right Way,[SYNTHETIC] Learn Data Science the Right Way — sample description for demo purposes.,UC_TECH001,TechInsights,2024-08-24 15:25:15+00:00,22,PT12M9S,hd,False,none,SQL|Deep Learning,9182,437,102,0,SYNTHETIC_SAMPLE,729,False,2024-08-24,2024,8,August,24,Saturday,20,Evening,729,12.15,Medium,539,5.8702,4.7593,1.1109,718,12.79,0.61,0.14,Average
WyW1qfbI-wP,Excel Tutorial for Beginners,[SYNTHETIC] Excel Tutorial for Beginners — sample description for demo purposes.,UC_CODE003,CodeMaster,2024-10-09 11:10:29+00:00,24,PT10M35S,hd,True,none,Tableau|Python|Machine Learning,116106,2881,608,0,SYNTHETIC_SAMPLE,635,False,2024-10-09,2024,10,October,9,Wednesday,16,Afternoon,635,10.58,Medium,3489,3.005,2.4814,0.5237,672,172.78,4.29,0.9,Low
xM9TXktL7K6,The Ultimate ETL Guide,[SYNTHETIC] The Ultimate ETL Guide — sample description for demo purposes.,UC_LEAI004,LearnWithAI,2023-08-07 00:27:27+00:00,27,PT1M55S,sd,True,none,Pandas|Power BI,34320,1460,144,0,SYNTHETIC_SAMPLE,115,False,2023-08-07,2023,8,August,7,Monday,5,Late Night,115,1.92,Short,1604,4.6737,4.2541,0.4196,1101,31.17,1.33,0.13,Average
xGv20g9O1TB,Learn Power BI the Right Way,[SYNTHETIC] Learn Power BI the Right Way — sample description for demo purposes.,UC_ANAL005,AnalyticsHub,2024-03-21 12:07:42+00:00,25,PT17M49S,sd,False,none,Deep Learning|NumPy|Business Intelligence|Visualization|Power BI,16266,557,109,0,SYNTHETIC_SAMPLE,1069,False,2024-03-21,2024,3,March,21,Thursday,17,Evening,1069,17.82,Long,666,4.0944,3.4243,0.6701,874,18.61,0.64,0.12,Average
b2lnZv4Sra8,Top 10 Data Engineering Tips and Tricks,[SYNTHETIC] Top 10 Data Engineering Tips and Tricks — sample description for demo purposes.,UC_DATA002,DataDriven,2022-05-13 23:52:57+00:00,22,PT53M55S,hd,False,none,Visualization|Pandas|ETL|Business Intelligence|Statistics,5427,286,32,0,SYNTHETIC_SAMPLE,3235,False,2022-05-14,2022,5,May,14,Saturday,5,Late Night,3235,53.92,Long,318,5.8596,5.2699,0.5896,1551,3.5,0.18,0.02,Average
LEHBVvSrqhm,How to Master Python in 2024,[SYNTHETIC] How to Master Python in 2024 — sample description for demo purposes.,UC_SQLE008,SQLExpert,2022-07-05 17:19:25+00:00,24,PT11M54S,hd,True,none,ETL|NumPy|Data Science,6244,364,30,0,SYNTHETIC_SAMPLE,714,False,2022-07-05,2022,7,July,5,Tuesday,22,Night,714,11.9,Medium,394,6.3101,5.8296,0.4805,1498,4.17,0.24,0.02,Average
r_JSi3F3KEC,Top 10 Data Science Tips and Tricks,[SYNTHETIC] Top 10 Data Science Tips and Tricks — sample description for demo purposes.,UC_DATA002,DataDriven,2022-10-14 09:34:32+00:00,27,PT10M9S,hd,False,none,Power BI|SQL|AI|Pandas|Data Analytics,34271,376,282,0,SYNTHETIC_SAMPLE,609,False,2022-10-14,2022,10,October,14,Friday,15,Afternoon,609,10.15,Medium,658,1.92,1.0971,0.8229,1398,24.51,0.27,0.2,Low
JAMNXy6tLBK,Learn Machine Learning the Right Way,[SYNTHETIC] Learn Machine Learning the Right Way — sample description for demo purposes.,UC_TECH001,TechInsights,2022-04-04 13:32:54+00:00,27,PT10M11S,hd,True,none,NumPy|SQL|Excel,12563,200,51,0,SYNTHETIC_SAMPLE,611,False,2022-04-04,2022,4,April,4,Monday,19,Evening,611,10.18,Medium,251,1.9979,1.592,0.406,1591,7.9,0.13,0.03,Low
soTSDR7YOQ7,How to Master Visualization in 2024,[SYNTHETIC] How to Master Visualization in 2024 — sample description for demo purposes.,UC_LEAI004,LearnWithAI,2023-10-23 10:19:46+00:00,27,PT11M58S,hd,True,none,NumPy|Machine Learning|SQL,70633,2933,643,0,SYNTHETIC_SAMPLE,718,False,2023-10-23,2023,10,October,23,Monday,15,Afternoon,718,11.97,Medium,3576,5.0628,4.1524,0.9103,1024,68.98,2.86,0.63,Average
DtzrICM4VMb,I Tried Data Science for 30 Days — Here's What Happened,[SYNTHETIC] I Tried Data Science for 30 Days — Here's What Happened — sample description for demo purposes.,UC_TECH001,TechInsights,2022-12-22 14:55:14+00:00,27,PT14M42S,hd,False,none,Excel|ETL,24318,1811,167,0,SYNTHETIC_SAMPLE,882,False,2022-12-22,2022,12,December,22,Thursday,20,Evening,882,14.7,Medium,1978,8.1339,7.4472,0.6867,1329,18.3,1.36,0.13,High
AugkAFQzWcf,I Tried Excel for 30 Days — Here's What Happened,[SYNTHETIC] I Tried Excel for 30 Days — Here's What Happened — sample description for demo purposes.,UC_SQLE008,SQLExpert,2023-01-28 02:06:40+00:00,22,PT13M23S,sd,True,none,Dashboard|Python|Data Engineering|Tableau|Visualization,8455,658,61,0,SYNTHETIC_SAMPLE,803,False,2023-01-28,2023,1,January,28,Saturday,7,Morning,803,13.38,Medium,719,8.5038,7.7824,0.7215,1292,6.54,0.51,0.05,Viral
ris4FbOZTta,I Tried Statistics for 30 Days — Here's What Happened,[SYNTHETIC] I Tried Statistics for 30 Days — Here's What Happened — sample description for demo purposes.,UC_LEAI004,LearnWithAI,2023-09-26 18:59:43+00:00,25,PT57M42S,hd,True,none,Data Engineering|Power BI,21859,894,27,0,SYNTHETIC_SAMPLE,3462,False,2023-09-27,2023,9,September,27,Wednesday,0,Late Night,3462,57.7,Long,921,4.2134,4.0898,0.1235,1050,20.82,0.85,0.03,Average
pJy6G43rYA7,Data Science vs Everything — Which is Best?,[SYNTHETIC] Data Science vs Everything — Which is Best? — sample description for demo purposes.,UC_CODE003,CodeMaster,2024-02-28 17:49:57+00:00,24,PT12M5S,sd,True,none,Data Science|ETL|Machine Learning|Pandas,184650,12635,2716,0,SYNTHETIC_SAMPLE,725,True,2024-02-28,2024,2,February,28,Wednesday,23,Night,725,12.08,Medium,15351,8.3136,6.8427,1.4709,895,206.31,14.12,3.03,High
mSKoXcVTZyQ,Business Intelligence vs Everything — Which is Best?,[SYNTHETIC] Business Intelligence vs Everything — Which is Best? — sample description for demo purposes.,UC_SQLE008,SQLExpert,2024-10-09 21:01:48+00:00,22,PT40M46S,hd,False,none,Machine Learning|Dashboard,11807,494,60,0,SYNTHETIC_SAMPLE,2446,False,2024-10-10,2024,10,October,10,Thursday,2,Late Night,2446,40.77,Long,554,4.6921,4.184,0.5082,671,17.6,0.74,0.09,Average
3_eYqNzfvRI,How to Master Data Engineering in 2024,[SYNTHETIC] How to Master Data Engineering in 2024 — sample description for demo purposes.,UC_PYTH006,PythonPro,2023-05-07 21:59:00+00:00,28,PT12M47S,sd,True,none,Pandas|Data Science,7026,77,18,0,SYNTHETIC_SAMPLE,767,False,2023-05-08,2023,5,May,8,Monday,3,Late Night,767,12.78,Medium,95,1.3521,1.0959,0.2562,1192,5.89,0.06,0.02,Low
5cYsxjHKYkf,How to Master Deep Learning in 2024,[SYNTHETIC] How to Master Deep Learning in 2024 — sample description for demo purposes.,UC_LEAI004,LearnWithAI,2023-08-18 06:17:06+00:00,28,PT21M52S,hd,False,none,Pandas|Data Engineering|NumPy,120749,4957,1275,0,SYNTHETIC_SAMPLE,1312,False,2023-08-18,2023,8,August,18,Friday,11,Morning,1312,21.87,Long,6232,5.1611,4.1052,1.0559,1090,110.78,4.55,1.17,Average
CwLOBq2myEp,Advanced Python Techniques,[SYNTHETIC] Advanced Python Techniques — sample description for demo purposes.,UC_SQLE008,SQLExpert,2024-06-07 10:49:24+00:00,22,PT34M39S,sd,False,none,Python|AI|NumPy|Visualization,2772,159,7,0,SYNTHETIC_SAMPLE,2079,False,2024-06-07,2024,6,June,7,Friday,16,Afternoon,2079,34.65,Long,166,5.9885,5.7359,0.2525,796,3.48,0.2,0.01,Average
ZomqWXRigOc,ETL Project Ideas for Your Resume,[SYNTHETIC] ETL Project Ideas for Your Resume — sample description for demo purposes.,UC_TECH001,TechInsights,2023-11-16 19:04:47+00:00,25,PT34M33S,hd,False,none,SQL|Data Science|Business Intelligence,64242,4130,246,0,SYNTHETIC_SAMPLE,2073,False,2023-11-17,2023,11,November,17,Friday,0,Late Night,2073,34.55,Long,4376,6.8117,6.4288,0.3829,999,64.31,4.13,0.25,Average
1q0EZVvh9j9,Complete Tableau Course — Zero to Hero,[SYNTHETIC] Complete Tableau Course — Zero to Hero — sample description for demo purposes.,UC_BIZA007,BizAnalyst,2024-11-16 15:10:33+00:00,27,PT39M59S,sd,False,none,AI|Python,1713,80,23,0,SYNTHETIC_SAMPLE,2399,False,2024-11-16,2024,11,November,16,Saturday,20,Evening,2399,39.98,Long,103,6.0128,4.6702,1.3427,634,2.7,0.13,0.04,Average
8gob4J6oe06,Build a Power BI Dashboard from Scratch,[SYNTHETIC] Build a Power BI Dashboard from Scratch — sample description for demo purposes.,UC_ANAL005,AnalyticsHub,2023-04-15 10:27:58+00:00,25,PT9M28S,sd,True,none,Data Analytics|Visualization|Data Science,3047,155,37,0,SYNTHETIC_SAMPLE,568,False,2023-04-15,2023,4,April,15,Saturday,15,Afternoon,568,9.47,Medium,192,6.3013,5.087,1.2143,1215,2.51,0.13,0.03,Average
8SILU4P1N8r,Top 10 Power BI Tips and Tricks,[SYNTHETIC] Top 10 Power BI Tips and Tricks — sample description for demo purposes.,UC_SQLE008,SQLExpert,2024-12-08 07:31:42+00:00,28,PT24M16S,sd,True,none,Data Engineering|Pandas|Statistics|Data Analytics|Business Intelligence,15197,565,89,0,SYNTHETIC_SAMPLE,1456,False,2024-12-08,2024,12,December,8,Sunday,13,Afternoon,1456,24.27,Long,654,4.3035,3.7178,0.5856,612,24.83,0.92,0.15,Average
0fnO_dv-Yn1,Statistics Tutorial for Beginners,[SYNTHETIC] Statistics Tutorial for Beginners — sample description for demo purposes.,UC_PYTH006,PythonPro,2024-05-10 22:21:50+00:00,25,PT8M14S,hd,True,none,Business Intelligence|Machine Learning|Python,60644,4716,864,0,SYNTHETIC_SAMPLE,494,False,2024-05-11,2024,5,May,11,Saturday,3,Late Night,494,8.23,Medium,5580,9.2012,7.7765,1.4247,823,73.69,5.73,1.05,Viral
iwYLbqiAheC,Machine Learning vs Everything — Which is Best?,[SYNTHETIC] Machine Learning vs Everything — Which is Best? — sample description for demo purposes.,UC_ANAL005,AnalyticsHub,2023-07-17 09:47:28+00:00,27,PT7M58S,hd,False,none,Data Analytics|Dashboard|Data Science,18424,326,240,0,SYNTHETIC_SAMPLE,478,False,2023-07-17,2023,7,July,17,Monday,15,Afternoon,478,7.97,Medium,566,3.0721,1.7694,1.3026,1122,16.42,0.29,0.21,Low
6efMerOJu-H,Build a Data Analytics Dashboard from Scratch,[SYNTHETIC] Build a Data Analytics Dashboard from Scratch — sample description for demo purposes.,UC_SQLE008,SQLExpert,2023-12-06 19:44:12+00:00,28,PT44M7S,sd,True,none,Visualization|Tableau,10445,606,79,0,SYNTHETIC_SAMPLE,2647,False,2023-12-07,2023,12,December,7,Thursday,1,Late Night,2647,44.12,Long,685,6.5582,5.8018,0.7563,979,10.67,0.62,0.08,Average
uuq9REffBVx,Pandas Full Project Walkthrough,[SYNTHETIC] Pandas Full Project Walkthrough — sample description for demo purposes.,UC_BIZA007,BizAnalyst,2022-07-22 03:03:20+00:00,24,PT12M44S,hd,False,none,Deep Learning|Statistics,12541,475,138,0,SYNTHETIC_SAMPLE,764,False,2022-07-22,2022,7,July,22,Friday,8,Morning,764,12.73,Medium,613,4.888,3.7876,1.1004,1482,8.46,0.32,0.09,Average
Qog2xWKZ2_0,I Tried Data Science for 30 Days — Here's What Happened,[SYNTHETIC] I Tried Data Science for 30 Days — Here's What Happened — sample description for demo purposes.,UC_BIZA007,BizAnalyst,2024-08-11 03:40:11+00:00,28,PT6M46S,hd,False,none,Excel|NumPy,3053,154,10,0,SYNTHETIC_SAMPLE,406,False,2024-08-11,2024,8,August,11,Sunday,9,Morning,406,6.77,Medium,164,5.3718,5.0442,0.3275,731,4.18,0.21,0.01,Average
jObVnAvxUXK,Statistics Tutorial for Beginners,[SYNTHETIC] Statistics Tutorial for Beginners — sample description for demo purposes.,UC_ANAL005,AnalyticsHub,2022-05-12 23:25:40+00:00,22,PT7M26S,hd,True,none,Data Analytics|SQL|NumPy,6323,313,39,0,SYNTHETIC_SAMPLE,446,False,2022-05-13,2022,5,May,13,Friday,4,Late Night,446,7.43,Medium,352,5.567,4.9502,0.6168,1552,4.07,0.2,0.03,Average
whRLHto-dn8,I Tried ETL for 30 Days — Here's What Happened,[SYNTHETIC] I Tried ETL for 30 Days — Here's What Happened — sample description for demo purposes.,UC_SQLE008,SQLExpert,2022-08-02 04:29:03+00:00,24,PT9M39S,sd,False,none,Power BI|Python|ETL|Statistics,6904,173,54,0,SYNTHETIC_SAMPLE,579,False,2022-08-02,2022,8,August,2,Tuesday,9,Morning,579,9.65,Medium,227,3.2879,2.5058,0.7822,1471,4.69,0.12,0.04,Low
Ze3cb63KKTA,Machine Learning Full Project Walkthrough,[SYNTHETIC] Machine Learning Full Project Walkthrough — sample description for demo purposes.,UC_BIZA007,BizAnalyst,2022-06-28 21:58:28+00:00,27,PT8M55S,sd,True,none,Excel|Data Engineering|Statistics|Data Analytics,64002,2881,805,0,SYNTHETIC_SAMPLE,535,False,2022-06-29,2022,6,June,29,Wednesday,3,Late Night,535,8.92,Medium,3686,5.7592,4.5014,1.2578,1505,42.53,1.91,0.53,Average
VoXeOHmXw9P,Pandas Full Project Walkthrough,[SYNTHETIC] Pandas Full Project Walkthrough — sample description for demo purposes.,UC_BIZA007,BizAnalyst,2022-08-18 10:16:34+00:00,28,PT13M56S,hd,True,none,NumPy|Tableau|Excel,27186,421,356,0,SYNTHETIC_SAMPLE,836,False,2022-08-18,2022,8,August,18,Thursday,15,Afternoon,836,13.93,Medium,777,2.8581,1.5486,1.3095,1455,18.68,0.29,0.24,Low
C7KON3OjeCt,Learn Excel the Right Way,[SYNTHETIC] Learn Excel the Right Way — sample description for demo purposes.,UC_CODE003,CodeMaster,2023-03-03 16:34:35+00:00,28,PT12M55S,hd,False,none,Data Science|Data Engineering,2411,151,27,0,SYNTHETIC_SAMPLE,775,False,2023-03-03,2023,3,March,3,Friday,22,Night,775,12.92,Medium,178,7.3828,6.263,1.1199,1258,1.92,0.12,0.02,High
fMyL9Vc6KmM,Why Data Analytics is the Future of Tech,[SYNTHETIC] Why Data Analytics is the Future of Tech — sample description for demo purposes.,UC_SQLE008,SQLExpert,2024-02-18 20:19:40+00:00,28,PT20M15S,hd,True,none,Power BI|Business Intelligence|SQL|NumPy|Dashboard,17704,975,259,0,SYNTHETIC_SAMPLE,1215,False,2024-02-19,2024,2,February,19,Monday,1,Late Night,1215,20.25,Long,1234,6.9702,5.5072,1.4629,905,19.56,1.08,0.29,High
x6yXRdOvvJy,Pandas Interview Questions and Answers,[SYNTHETIC] Pandas Interview Questions and Answers — sample description for demo purposes.,UC_CODE003,CodeMaster,2023-01-27 11:05:01+00:00,28,PT12M29S,hd,False,none,Machine Learning|Statistics,12599,588,117,0,SYNTHETIC_SAMPLE,749,False,2023-01-27,2023,1,January,27,Friday,16,Afternoon,749,12.48,Medium,705,5.5957,4.667,0.9286,1293,9.74,0.45,0.09,Average
Y0Q1VRHPBxx,I Tried Machine Learning for 30 Days — Here's What Happened,[SYNTHETIC] I Tried Machine Learning for 30 Days — Here's What Happened — sample description for demo purposes.,UC_ANAL005,AnalyticsHub,2022-10-08 00:41:19+00:00,24,PT6M26S,hd,False,none,Tableau|Pandas|Machine Learning|SQL|Data Analytics,6657,210,39,0,SYNTHETIC_SAMPLE,386,False,2022-10-08,2022,10,October,8,Saturday,6,Morning,386,6.43,Medium,249,3.7404,3.1546,0.5858,1404,4.74,0.15,0.03,Low
Xiyk1XZkCAR,Learn Dashboard the Right Way,[SYNTHETIC] Learn Dashboard the Right Way — sample description for demo purposes.,UC_ANAL005,AnalyticsHub,2023-01-04 23:46:03+00:00,28,PT13M59S,sd,False,none,Pandas|Visualization|Data Science|AI|Data Engineering,31251,395,168,0,SYNTHETIC_SAMPLE,839,False,2023-01-05,2023,1,January,5,Thursday,5,Late Night,839,13.98,Medium,563,1.8015,1.264,0.5376,1315,23.77,0.3,0.13,Low
yH90ZiqP3Jg,The Ultimate Statistics Guide,[SYNTHETIC] The Ultimate Statistics Guide — sample description for demo purposes.,UC_SQLE008,SQLExpert,2024-03-12 10:29:45+00:00,27,PT45M5S,hd,False,none,Excel|NumPy,41351,1749,189,0,SYNTHETIC_SAMPLE,2705,False,2024-03-12,2024,3,March,12,Tuesday,15,Afternoon,2705,45.08,Long,1938,4.6867,4.2296,0.4571,883,46.83,1.98,0.21,Average
7AzxyfougTv,Machine Learning Project Ideas for Your Resume,[SYNTHETIC] Machine Learning Project Ideas for Your Resume — sample description for demo purposes.,UC_SQLE008,SQLExpert,2022-08-15 21:06:46+00:00,25,PT8M47S,hd,True,none,ETL|Machine Learning|Visualization|Pandas,36687,2464,488,0,SYNTHETIC_SAMPLE,527,False,2022-08-16,2022,8,August,16,Tuesday,2,Late Night,527,8.78,Medium,2952,8.0464,6.7163,1.3302,1457,25.18,1.69,0.33,High
HhstdAYDh5M,Python Explained in 10 Minutes,[SYNTHETIC] Python Explained in 10 Minutes — sample description for demo purposes.,UC_TECH001,TechInsights,2022-01-26 12:45:15+00:00,28,PT7M33S,hd,True,none,Deep Learning|Python|Statistics|Power BI,18264,884,201,0,SYNTHETIC_SAMPLE,453,False,2022-01-26,2022,1,January,26,Wednesday,18,Evening,453,7.55,Medium,1085,5.9406,4.8401,1.1005,1659,11.01,0.53,0.12,Average
YGb3cyxVwep,SQL vs Everything — Which is Best?,[SYNTHETIC] SQL vs Everything — Which is Best? — sample description for demo purposes.,UC_BIZA007,BizAnalyst,2024-10-17 18:37:39+00:00,27,PT19M38S,hd,False,none,Data Analytics|Statistics|Business Intelligence,12420,953,104,0,SYNTHETIC_SAMPLE,1178,False,2024-10-18,2024,10,October,18,Friday,0,Late Night,1178,19.63,Long,1057,8.5105,7.6731,0.8374,663,18.73,1.44,0.16,Viral
Dscmc7G-IqW,The Ultimate ETL Guide,[SYNTHETIC] The Ultimate ETL Guide — sample description for demo purposes.,UC_CODE003,CodeMaster,2022-10-24 20:51:08+00:00,24,PT7M18S,sd,False,none,Business Intelligence|NumPy,29762,429,349,0,SYNTHETIC_SAMPLE,438,False,2022-10-25,2022,10,October,25,Tuesday,2,Late Night,438,7.3,Medium,778,2.6141,1.4414,1.1726,1387,21.46,0.31,0.25,Low
_FF7HZUfM0I,Advanced Deep Learning Techniques,[SYNTHETIC] Advanced Deep Learning Techniques — sample description for demo purposes.,UC_DATA002,DataDriven,2023-05-14 23:37:48+00:00,22,PT12M30S,hd,True,none,Data Science|Visualization|Data Engineering|Dashboard,96723,7024,590,0,SYNTHETIC_SAMPLE,750,False,2023-05-15,2023,5,May,15,Monday,5,Late Night,750,12.5,Medium,7614,7.872,7.262,0.61,1185,81.62,5.93,0.5,High
OYdQzGVkb2R,Why Data Engineering is the Future of Tech,[SYNTHETIC] Why Data Engineering is the Future of Tech — sample description for demo purposes.,UC_BIZA007,BizAnalyst,2023-11-12 16:16:01+00:00,27,PT11M1S,hd,True,none,Pandas|Statistics,10128,537,68,0,SYNTHETIC_SAMPLE,661,False,2023-11-12,2023,11,November,12,Sunday,21,Night,661,11.02,Medium,605,5.9735,5.3021,0.6714,1004,10.09,0.53,0.07,Average
WKHzPphVFyJ,I Tried Data Analytics for 30 Days — Here's What Happened,[SYNTHETIC] I Tried Data Analytics for 30 Days — Here's What Happened — sample description for demo purposes.,UC_PYTH006,PythonPro,2023-02-11 15:44:30+00:00,24,PT12M40S,sd,False,none,Data Science|ETL|Tableau,20007,1528,117,0,SYNTHETIC_SAMPLE,760,False,2023-02-11,2023,2,February,11,Saturday,21,Night,760,12.67,Medium,1645,8.2221,7.6373,0.5848,1278,15.65,1.2,0.09,High
9-QTJstkTSl,Build a SQL Dashboard from Scratch,[SYNTHETIC] Build a SQL Dashboard from Scratch — sample description for demo purposes.,UC_DATA002,DataDriven,2023-07-16 13:24:19+00:00,27,PT12M35S,hd,True,none,Machine Learning|Pandas|ETL,7953,634,97,0,SYNTHETIC_SAMPLE,755,False,2023-07-16,2023,7,July,16,Sunday,18,Evening,755,12.58,Medium,731,9.1915,7.9718,1.2197,1123,7.08,0.56,0.09,Viral
ezTEAAKiueD,I Tried Visualization for 30 Days — Here's What Happened,[SYNTHETIC] I Tried Visualization for 30 Days — Here's What Happened — sample description for demo purposes.,UC_TECH001,TechInsights,2024-03-14 16:34:45+00:00,22,PT14M24S,sd,True,none,Machine Learning|Deep Learning|Data Analytics,11900,227,158,0,SYNTHETIC_SAMPLE,864,False,2024-03-14,2024,3,March,14,Thursday,22,Night,864,14.4,Medium,385,3.2353,1.9076,1.3277,881,13.51,0.26,0.18,Low
8Hsfm9rONfP,Machine Learning Explained in 10 Minutes,[SYNTHETIC] Machine Learning Explained in 10 Minutes — sample description for demo purposes.,UC_DATA002,DataDriven,2024-07-08 08:13:04+00:00,25,PT10M30S,hd,True,none,Data Analytics|Python|SQL|Dashboard,79537,5999,299,0,SYNTHETIC_SAMPLE,630,False,2024-07-08,2024,7,July,8,Monday,13,Afternoon,630,10.5,Medium,6298,7.9183,7.5424,0.3759,765,103.97,7.84,0.39,High
PtpZzDSkADv,I Tried Deep Learning for 30 Days — Here's What Happened,[SYNTHETIC] I Tried Deep Learning for 30 Days — Here's What Happened — sample description for demo purposes.,UC_ANAL005,AnalyticsHub,2022-08-12 04:21:25+00:00,27,PT13M29S,sd,False,none,AI|Machine Learning|Statistics|NumPy,76366,5515,642,0,SYNTHETIC_SAMPLE,809,False,2022-08-12,2022,8,August,12,Friday,9,Morning,809,13.48,Medium,6157,8.0625,7.2218,0.8407,1461,52.27,3.77,0.44,High
syNp3kuKuWF,Build a Pandas Dashboard from Scratch,[SYNTHETIC] Build a Pandas Dashboard from Scratch — sample description for demo purposes.,UC_DATA002,DataDriven,2024-03-10 14:19:58+00:00,22,PT2M55S,sd,False,none,ETL|Python|SQL|Tableau,27516,752,52,0,SYNTHETIC_SAMPLE,175,False,2024-03-10,2024,3,March,10,Sunday,19,Evening,175,2.92,Short,804,2.9219,2.733,0.189,885,31.09,0.85,0.06,Low
1Rsagiqxzcd,I Tried Tableau for 30 Days — Here's What Happened,[SYNTHETIC] I Tried Tableau for 30 Days — Here's What Happened — sample description for demo purposes.,UC_SQLE008,SQLExpert,2024-05-22 18:03:03+00:00,27,PT5M51S,hd,False,none,SQL|AI|Data Engineering|Dashboard,40010,1188,366,0,SYNTHETIC_SAMPLE,351,False,2024-05-22,2024,5,May,22,Wednesday,23,Night,351,5.85,Medium,1554,3.884,2.9693,0.9148,811,49.33,1.46,0.45,Average
JxjMzccTZHj,Complete Power BI Course — Zero to Hero,[SYNTHETIC] Complete Power BI Course — Zero to Hero — sample description for demo purposes.,UC_ANAL005,AnalyticsHub,2024-03-11 19:26:48+00:00,25,PT41M54S,hd,False,none,Excel|AI|Data Science|ETL,23150,836,342,0,SYNTHETIC_SAMPLE,2514,False,2024-03-12,2024,3,March,12,Tuesday,0,Late Night,2514,41.9,Long,1178,5.0886,3.6112,1.4773,883,26.22,0.95,0.39,Average
xR_LYUSbE9Y,Dashboard vs Everything — Which is Best?,[SYNTHETIC] Dashboard vs Everything — Which is Best? — sample description for demo purposes.,UC_PYTH006,PythonPro,2024-06-17 15:05:10+00:00,25,PT14M36S,hd,True,none,Excel|Dashboard|AI|SQL|Deep Learning,11527,357,142,0,SYNTHETIC_SAMPLE,876,False,2024-06-17,2024,6,June,17,Monday,20,Evening,876,14.6,Medium,499,4.329,3.0971,1.2319,786,14.67,0.45,0.18,Average
nGNE2UTHJ-E,Top 10 Power BI Tips and Tricks,[SYNTHETIC] Top 10 Power BI Tips and Tricks — sample description for demo purposes.,UC_LEAI004,LearnWithAI,2023-08-09 09:02:45+00:00,28,PT2M20S,sd,True,none,Visualization|Business Intelligence|Statistics|Dashboard|AI,69431,2729,450,0,SYNTHETIC_SAMPLE,140,False,2023-08-09,2023,8,August,9,Wednesday,14,Afternoon,140,2.33,Short,3179,4.5786,3.9305,0.6481,1099,63.18,2.48,0.41,Average
_tsnTuw7Yrh,Top 10 ETL Tips and Tricks,[SYNTHETIC] Top 10 ETL Tips and Tricks — sample description for demo purposes.,UC_ANAL005,AnalyticsHub,2024-11-17 02:18:20+00:00,25,PT34M3S,sd,False,none,Machine Learning|Data Science|Data Analytics|Visualization,94982,4660,357,0,SYNTHETIC_SAMPLE,2043,False,2024-11-17,2024,11,November,17,Sunday,7,Morning,2043,34.05,Long,5017,5.2821,4.9062,0.3759,633,150.05,7.36,0.56,Average
rJrgVpd5oog,The Ultimate Data Engineering Guide,[SYNTHETIC] The Ultimate Data Engineering Guide — sample description for demo purposes.,UC_DATA002,DataDriven,2023-05-29 02:14:19+00:00,22,PT13M10S,sd,True,none,Python|Excel|Deep Learning,28737,717,359,0,SYNTHETIC_SAMPLE,790,False,2023-05-29,2023,5,May,29,Monday,7,Morning,790,13.17,Medium,1076,3.7443,2.495,1.2493,1171,24.54,0.61,0.31,Low
XPoV2c6A17c,Learn Tableau the Right Way,[SYNTHETIC] Learn Tableau the Right Way — sample description for demo purposes.,UC_SQLE008,SQLExpert,2023-09-09 17:01:49+00:00,24,PT36M56S,sd,True,none,Data Analytics|Python|Data Science|ETL,78451,2351,106,0,SYNTHETIC_SAMPLE,2216,False,2023-09-09,2023,9,September,9,Saturday,22,Night,2216,36.93,Long,2457,3.1319,2.9968,0.1351,1068,73.46,2.2,0.1,Low
iGrZvUPTavs,Build a Data Science Dashboard from Scratch,[SYNTHETIC] Build a Data Science Dashboard from Scratch — sample description for demo purposes.,UC_DATA002,DataDriven,2024-11-13 15:29:48+00:00,22,PT52M6S,hd,True,none,Deep Learning|Dashboard|Business Intelligence|Data Analytics|Tableau,1293,60,17,0,SYNTHETIC_SAMPLE,3126,False,2024-11-13,2024,11,November,13,Wednesday,20,Evening,3126,52.1,Long,77,5.9551,4.6404,1.3148,637,2.03,0.09,0.03,Average
CrvLKqxpQDk,Build a Machine Learning Dashboard from Scratch,[SYNTHETIC] Build a Machine Learning Dashboard from Scratch — sample description for demo purposes.,UC_DATA002,DataDriven,2024-12-01 18:40:42+00:00,27,PT9M14S,sd,True,none,Statistics|Pandas|Dashboard|SQL,80437,842,487,0,SYNTHETIC_SAMPLE,554,False,2024-12-02,2024,12,December,2,Monday,0,Late Night,554,9.23,Medium,1329,1.6522,1.0468,0.6054,618,130.16,1.36,0.79,Low
EIQnpW3fCTe,Data Engineering Interview Questions and Answers,[SYNTHETIC] Data Engineering Interview Questions and Answers — sample description for demo purposes.,UC_SQLE008,SQLExpert,2024-05-26 09:44:04+00:00,27,PT40M31S,hd,True,none,Visualization|Machine Learning|Excel,13321,520,112,0,SYNTHETIC_SAMPLE,2431,False,2024-05-26,2024,5,May,26,Sunday,15,Afternoon,2431,40.52,Long,632,4.7444,3.9036,0.8408,808,16.49,0.64,0.14,Average
CdiAKJRtbqa,How to Master Data Engineering in 2024,[SYNTHETIC] How to Master Data Engineering in 2024 — sample description for demo purposes.,UC_PYTH006,PythonPro,2022-12-05 11:56:58+00:00,25,PT14M57S,hd,True,none,Statistics|SQL|Data Analytics|Data Engineering|ETL,17462,772,236,0,SYNTHETIC_SAMPLE,897,False,2022-12-05,2022,12,December,5,Monday,17,Evening,897,14.95,Medium,1008,5.7725,4.421,1.3515,1346,12.97,0.57,0.18,Average
PA-y36yRQIP,Data Science Full Project Walkthrough,[SYNTHETIC] Data Science Full Project Walkthrough — sample description for demo purposes.,UC_SQLE008,SQLExpert,2023-06-25 05:48:04+00:00,28,PT7M18S,hd,True,none,Dashboard|Machine Learning|Pandas|Deep Learning|Python,13396,852,196,0,SYNTHETIC_SAMPLE,438,False,2023-06-25,2023,6,June,25,Sunday,11,Morning,438,7.3,Medium,1048,7.8232,6.3601,1.4631,1144,11.71,0.74,0.17,High
pwr7UhZAX4b,The Ultimate Data Engineering Guide,[SYNTHETIC] The Ultimate Data Engineering Guide — sample description for demo purposes.,UC_TECH001,TechInsights,2022-11-17 03:16:47+00:00,22,PT12M14S,hd,True,none,Data Engineering|Data Analytics,4604,217,57,0,SYNTHETIC_SAMPLE,734,False,2022-11-17,2022,11,November,17,Thursday,8,Morning,734,12.23,Medium,274,5.9513,4.7133,1.2381,1364,3.38,0.16,0.04,Average
i-o6KKX0p4-,Build a AI Dashboard from Scratch,[SYNTHETIC] Build a AI Dashboard from Scratch — sample description for demo purposes.,UC_LEAI004,LearnWithAI,2024-03-20 17:38:52+00:00,28,PT8M42S,hd,False,none,NumPy|Data Analytics|Excel|Business Intelligence,34572,2171,406,0,SYNTHETIC_SAMPLE,522,False,2024-03-20,2024,3,March,20,Wednesday,23,Night,522,8.7,Medium,2577,7.454,6.2796,1.1744,874,39.56,2.48,0.46,High
uAjyWE2tTZ6,ETL Tutorial for Beginners,[SYNTHETIC] ETL Tutorial for Beginners — sample description for demo purposes.,UC_BIZA007,BizAnalyst,2024-05-23 15:16:04+00:00,25,PT58M56S,sd,False,none,AI|Pandas|NumPy,27630,1574,328,0,SYNTHETIC_SAMPLE,3536,False,2024-05-23,2024,5,May,23,Thursday,20,Evening,3536,58.93,Long,1902,6.8838,5.6967,1.1871,811,34.07,1.94,0.4,Average
mrRM3mWUJE3,Advanced SQL Techniques,[SYNTHETIC] Advanced SQL Techniques — sample description for demo purposes.,UC_LEAI004,LearnWithAI,2023-06-02 05:48:33+00:00,22,PT11M19S,sd,True,none,Tableau|Power BI|ETL,265107,4366,2917,0,SYNTHETIC_SAMPLE,679,True,2023-06-02,2023,6,June,2,Friday,11,Morning,679,11.32,Medium,7283,2.7472,1.6469,1.1003,1167,227.17,3.74,2.5,Low
DPtx4DZUWun,Tableau Full Project Walkthrough,[SYNTHETIC] Tableau Full Project Walkthrough — sample description for demo purposes.,UC_LEAI004,LearnWithAI,2023-05-02 02:34:42+00:00,25,PT52M42S,sd,True,none,Machine Learning|Python|NumPy,24160,785,111,0,SYNTHETIC_SAMPLE,3162,False,2023-05-02,2023,5,May,2,Tuesday,8,Morning,3162,52.7,Long,896,3.7086,3.2492,0.4594,1198,20.17,0.66,0.09,Low
J8vWFUVDUwi,Top 10 Machine Learning Tips and Tricks,[SYNTHETIC] Top 10 Machine Learning Tips and Tricks — sample description for demo purposes.,UC_BIZA007,BizAnalyst,2024-04-29 00:43:26+00:00,22,PT11M28S,sd,True,none,Dashboard|Data Analytics,6822,340,27,0,SYNTHETIC_SAMPLE,688,False,2024-04-29,2024,4,April,29,Monday,6,Morning,688,11.47,Medium,367,5.3797,4.9839,0.3958,835,8.17,0.41,0.03,Average
aGxNQNEFaJa,Python Full Project Walkthrough,[SYNTHETIC] Python Full Project Walkthrough — sample description for demo purposes.,UC_DATA002,DataDriven,2024-04-02 10:07:13+00:00,28,PT3M41S,sd,False,none,Dashboard|Deep Learning,16429,430,176,0,SYNTHETIC_SAMPLE,221,False,2024-04-02,2024,4,April,2,Tuesday,15,Afternoon,221,3.68,Short,606,3.6886,2.6173,1.0713,862,19.06,0.5,0.2,Low
wYf9DpSt0f-,Power BI vs Everything — Which is Best?,[SYNTHETIC] Power BI vs Everything — Which is Best? — sample description for demo purposes.,UC_CODE003,CodeMaster,2024-10-06 13:49:16+00:00,28,PT1M49S,hd,True,none,AI|Visualization|ETL|Python|Business Intelligence,59992,3202,249,0,SYNTHETIC_SAMPLE,109,False,2024-10-06,2024,10,October,6,Sunday,19,Evening,109,1.82,Short,3451,5.7524,5.3374,0.4151,675,88.88,4.74,0.37,Average
2gHcn34Ece7,Build a SQL Dashboard from Scratch,[SYNTHETIC] Build a SQL Dashboard from Scratch — sample description for demo purposes.,UC_TECH001,TechInsights,2024-04-23 13:39:06+00:00,27,PT59M2S,hd,True,none,Python|Tableau|Machine Learning|AI,74182,4814,645,0,SYNTHETIC_SAMPLE,3542,False,2024-04-23,2024,4,April,23,Tuesday,19,Evening,3542,59.03,Long,5459,7.3589,6.4894,0.8695,841,88.21,5.72,0.77,High
5vWi-UG_dB1,Complete Data Science Course — Zero to Hero,[SYNTHETIC] Complete Data Science Course — Zero to Hero — sample description for demo purposes.,UC_BIZA007,BizAnalyst,2023-06-14 02:13:04+00:00,28,PT14M40S,sd,False,none,NumPy|Data Engineering,9532,652,58,0,SYNTHETIC_SAMPLE,880,False,2023-06-14,2023,6,June,14,Wednesday,7,Morning,880,14.67,Medium,710,7.4486,6.8401,0.6085,1155,8.25,0.56,0.05,High
yXsperyYjyx,Statistics vs Everything — Which is Best?,[SYNTHETIC] Statistics vs Everything — Which is Best? — sample description for demo purposes.,UC_SQLE008,SQLExpert,2022-05-23 04:07:44+00:00,27,PT44M29S,hd,False,none,Statistics|NumPy|Power BI|SQL|Data Analytics,22216,511,199,0,SYNTHETIC_SAMPLE,2669,False,2022-05-23,2022,5,May,23,Monday,9,Morning,2669,44.48,Long,710,3.1959,2.3001,0.8958,1542,14.41,0.33,0.13,Low
JMY3aAXUJ-p,Data Engineering vs Everything — Which is Best?,[SYNTHETIC] Data Engineering vs Everything — Which is Best? — sample description for demo purposes.,UC_CODE003,CodeMaster,2024-03-20 12:11:06+00:00,24,PT11M57S,hd,False,none,Machine Learning|NumPy|Data Science,22470,387,40,0,SYNTHETIC_SAMPLE,717,False,2024-03-20,2024,3,March,20,Wednesday,17,Evening,717,11.95,Medium,427,1.9003,1.7223,0.178,875,25.68,0.44,0.05,Low
eqpOMmgt8vN,How to Master Machine Learning in 2024,[SYNTHETIC] How to Master Machine Learning in 2024 — sample description for demo purposes.,UC_ANAL005,AnalyticsHub,2023-05-27 22:12:20+00:00,24,PT9M42S,sd,False,none,Machine Learning|Data Science|Business Intelligence|Dashboard|Statistics,47962,1893,360,0,SYNTHETIC_SAMPLE,582,False,2023-05-28,2023,5,May,28,Sunday,3,Late Night,582,9.7,Medium,2253,4.6975,3.9469,0.7506,1172,40.92,1.62,0.31,Average
FKpy0zhKLIR,Complete Business Intelligence Course — Zero to Hero,[SYNTHETIC] Complete Business Intelligence Course — Zero to Hero — sample description for demo purposes.,UC_LEAI004,LearnWithAI,2024-05-04 13:10:59+00:00,24,PT36M48S,hd,False,none,Data Engineering|Data Science|SQL,19379,589,204,0,SYNTHETIC_SAMPLE,2208,False,2024-05-04,2024,5,May,4,Saturday,18,Evening,2208,36.8,Long,793,4.0921,3.0394,1.0527,830,23.35,0.71,0.25,Average
Ye-EzG6SIYx,The Ultimate Machine Learning Guide,[SYNTHETIC] The Ultimate Machine Learning Guide — sample description for demo purposes.,UC_BIZA007,BizAnalyst,2024-04-14 01:18:21+00:00,24,PT9M18S,hd,True,none,Statistics|Excel|Data Analytics,12148,681,132,0,SYNTHETIC_SAMPLE,558,False,2024-04-14,2024,4,April,14,Sunday,6,Morning,558,9.3,Medium,813,6.6925,5.6059,1.0866,850,14.29,0.8,0.16,Average
JSoxDRSj-Es,How to Master Deep Learning in 2024,[SYNTHETIC] How to Master Deep Learning in 2024 — sample description for demo purposes.,UC_BIZA007,BizAnalyst,2022-05-14 08:53:56+00:00,22,PT2M6S,hd,True,none,Data Science|Business Intelligence|Data Engineering|AI,11244,287,127,0,SYNTHETIC_SAMPLE,126,False,2022-05-14,2022,5,May,14,Saturday,14,Afternoon,126,2.1,Short,414,3.682,2.5525,1.1295,1551,7.25,0.19,0.08,Low
ecTbvgZ7VHJ,Why ETL is the Future of Tech,[SYNTHETIC] Why ETL is the Future of Tech — sample description for demo purposes.,UC_LEAI004,LearnWithAI,2023-05-30 04:11:19+00:00,25,PT12M28S,sd,False,none,AI|Excel|Dashboard,7771,470,54,0,SYNTHETIC_SAMPLE,748,False,2023-05-30,2023,5,May,30,Tuesday,9,Morning,748,12.47,Medium,524,6.743,6.0481,0.6949,1170,6.64,0.4,0.05,Average
anrTYKZIxmh,Python Interview Questions and Answers,[SYNTHETIC] Python Interview Questions and Answers — sample description for demo purposes.,UC_BIZA007,BizAnalyst,2024-11-07 21:33:41+00:00,24,PT8M22S,sd,False,none,AI|Power BI|Statistics|Excel|Deep Learning,25680,1064,172,0,SYNTHETIC_SAMPLE,502,False,2024-11-08,2024,11,November,8,Friday,3,Late Night,502,8.37,Medium,1236,4.8131,4.1433,0.6698,642,40.0,1.66,0.27,Average
RuphxjyMKBF,Excel Project Ideas for Your Resume,[SYNTHETIC] Excel Project Ideas for Your Resume — sample description for demo purposes.,UC_SQLE008,SQLExpert,2024-04-14 18:57:04+00:00,25,PT10M4S,hd,True,none,Data Science|Machine Learning|Excel|ETL|Deep Learning,16414,1219,148,0,SYNTHETIC_SAMPLE,604,False,2024-04-15,2024,4,April,15,Monday,0,Late Night,604,10.07,Medium,1367,8.3283,7.4266,0.9017,849,19.33,1.44,0.17,High
yJPAFTCkKYo,Data Analytics Project Ideas for Your Resume,[SYNTHETIC] Data Analytics Project Ideas for Your Resume — sample description for demo purposes.,UC_SQLE008,SQLExpert,2022-02-20 18:57:40+00:00,25,PT5M9S,sd,True,none,Excel|Data Engineering|ETL|NumPy,12073,530,40,0,SYNTHETIC_SAMPLE,309,False,2022-02-21,2022,2,February,21,Monday,0,Late Night,309,5.15,Medium,570,4.7213,4.39,0.3313,1633,7.39,0.32,0.02,Average
WCnBVPp3cq3,Power BI Explained in 10 Minutes,[SYNTHETIC] Power BI Explained in 10 Minutes — sample description for demo purposes.,UC_DATA002,DataDriven,2022-05-16 02:57:41+00:00,25,PT40M3S,sd,True,none,Tableau|Statistics|Deep Learning,22639,1085,259,0,SYNTHETIC_SAMPLE,2403,False,2022-05-16,2022,5,May,16,Monday,8,Morning,2403,40.05,Long,1344,5.9367,4.7926,1.144,1549,14.62,0.7,0.17,Average
IMk_sK8G50i,Learn Machine Learning the Right Way,[SYNTHETIC] Learn Machine Learning the Right Way — sample description for demo purposes.,UC_CODE003,CodeMaster,2023-10-02 09:25:09+00:00,25,PT8M31S,hd,False,none,Machine Learning|Pandas|Visualization,3659,242,32,0,SYNTHETIC_SAMPLE,511,False,2023-10-02,2023,10,October,2,Monday,14,Afternoon,511,8.52,Medium,274,7.4884,6.6138,0.8746,1045,3.5,0.23,0.03,High
CO4fGr7x8ua,Build a AI Dashboard from Scratch,[SYNTHETIC] Build a AI Dashboard from Scratch — sample description for demo purposes.,UC_PYTH006,PythonPro,2022-05-25 16:34:21+00:00,27,PT3M41S,sd,False,none,Visualization|AI,15091,434,98,0,SYNTHETIC_SAMPLE,221,False,2022-05-25,2022,5,May,25,Wednesday,22,Night,221,3.68,Short,532,3.5253,2.8759,0.6494,1540,9.8,0.28,0.06,Low
KFvRdgYDh2C,Build a Tableau Dashboard from Scratch,[SYNTHETIC] Build a Tableau Dashboard from Scratch — sample description for demo purposes.,UC_LEAI004,LearnWithAI,2022-01-02 01:12:01+00:00,24,PT9M50S,sd,True,none,Data Science|Excel|NumPy,29826,1003,264,0,SYNTHETIC_SAMPLE,590,False,2022-01-02,2022,1,January,2,Sunday,6,Morning,590,9.83,Medium,1267,4.248,3.3628,0.8851,1683,17.72,0.6,0.16,Average
UWBfgneLHCa,How to Master NumPy in 2024,[SYNTHETIC] How to Master NumPy in 2024 — sample description for demo purposes.,UC_DATA002,DataDriven,2023-06-18 17:22:21+00:00,22,PT7M49S,hd,False,none,ETL|SQL|Pandas,11455,156,109,0,SYNTHETIC_SAMPLE,469,False,2023-06-18,2023,6,June,18,Sunday,22,Night,469,7.82,Medium,265,2.3134,1.3619,0.9515,1150,9.96,0.14,0.09,Low
Wi-jHaPCUOj,How to Master Power BI in 2024,[SYNTHETIC] How to Master Power BI in 2024 — sample description for demo purposes.,UC_BIZA007,BizAnalyst,2023-10-02 13:39:26+00:00,28,PT10M6S,sd,True,none,Power BI|Machine Learning,14832,290,173,0,SYNTHETIC_SAMPLE,606,False,2023-10-02,2023,10,October,2,Monday,19,Evening,606,10.1,Medium,463,3.1216,1.9552,1.1664,1045,14.19,0.28,0.17,Low
PpMUs8b24nM,Why AI is the Future of Tech,[SYNTHETIC] Why AI is the Future of Tech — sample description for demo purposes.,UC_DATA002,DataDriven,2022-10-21 01:15:07+00:00,25,PT36M29S,sd,False,none,Pandas|ETL,48718,3184,199,0,SYNTHETIC_SAMPLE,2189,False,2022-10-21,2022,10,October,21,Friday,6,Morning,2189,36.48,Long,3383,6.944,6.5356,0.4085,1391,35.02,2.29,0.14,High
-7i3KxRW9Xb,Build a Pandas Dashboard from Scratch,[SYNTHETIC] Build a Pandas Dashboard from Scratch — sample description for demo purposes.,UC_BIZA007,BizAnalyst,2022-04-15 21:47:48+00:00,28,PT6M12S,hd,False,none,Data Analytics|Visualization|AI,173087,8131,2540,0,SYNTHETIC_SAMPLE,372,True,2022-04-16,2022,4,April,16,Saturday,3,Late Night,372,6.2,Medium,10671,6.1651,4.6976,1.4675,1579,109.62,5.15,1.61,Average
jff6_juLWPP,Deep Learning Full Project Walkthrough,[SYNTHETIC] Deep Learning Full Project Walkthrough — sample description for demo purposes.,UC_ANAL005,AnalyticsHub,2023-04-27 19:57:24+00:00,25,PT6M24S,sd,True,none,Pandas|SQL,18495,1014,153,0,SYNTHETIC_SAMPLE,384,False,2023-04-28,2023,4,April,28,Friday,1,Late Night,384,6.4,Medium,1167,6.3098,5.4826,0.8273,1202,15.39,0.84,0.13,Average
laiaFwH0qxV,I Tried Data Engineering for 30 Days — Here's What Happened,[SYNTHETIC] I Tried Data Engineering for 30 Days — Here's What Happened — sample description for demo purposes.,UC_BIZA007,BizAnalyst,2023-02-22 12:15:58+00:00,28,PT10M16S,hd,True,none,Deep Learning|NumPy|SQL|Machine Learning,24518,1388,246,0,SYNTHETIC_SAMPLE,616,False,2023-02-22,2023,2,February,22,Wednesday,17,Evening,616,10.27,Medium,1634,6.6645,5.6611,1.0033,1267,19.35,1.1,0.19,Average
kX5RhVa2acx,Data Engineering vs Everything — Which is Best?,[SYNTHETIC] Data Engineering vs Everything — Which is Best? — sample description for demo purposes.,UC_DATA002,DataDriven,2022-08-22 03:33:43+00:00,24,PT13M31S,hd,True,none,Pandas|Business Intelligence|Visualization|Tableau|Statistics,27436,1924,80,0,SYNTHETIC_SAMPLE,811,False,2022-08-22,2022,8,August,22,Monday,9,Morning,811,13.52,Medium,2004,7.3043,7.0127,0.2916,1451,18.91,1.33,0.06,High
oHcz43XtfDx,I Tried SQL for 30 Days — Here's What Happened,[SYNTHETIC] I Tried SQL for 30 Days — Here's What Happened — sample description for demo purposes.,UC_PYTH006,PythonPro,2023-03-29 23:27:10+00:00,22,PT13M34S,sd,True,none,Statistics|ETL|Tableau|Visualization|NumPy,2500,142,3,0,SYNTHETIC_SAMPLE,814,False,2023-03-30,2023,3,March,30,Thursday,4,Late Night,814,13.57,Medium,145,5.8,5.68,0.12,1231,2.03,0.12,0.0,Average
SavWyVtn_A9,Advanced Python Techniques,[SYNTHETIC] Advanced Python Techniques — sample description for demo purposes.,UC_LEAI004,LearnWithAI,2022-08-10 04:04:05+00:00,27,PT8M58S,sd,True,none,Pandas|Dashboard,43590,2088,423,0,SYNTHETIC_SAMPLE,538,False,2022-08-10,2022,8,August,10,Wednesday,9,Morning,538,8.97,Medium,2511,5.7605,4.7901,0.9704,1463,29.79,1.43,0.29,Average
zLdQis27z1u,Data Engineering Interview Questions and Answers,[SYNTHETIC] Data Engineering Interview Questions and Answers — sample description for demo purposes.,UC_BIZA007,BizAnalyst,2023-12-05 08:02:10+00:00,22,PT1M24S,sd,True,none,Tableau|Machine Learning,19349,878,188,0,SYNTHETIC_SAMPLE,84,False,2023-12-05,2023,12,December,5,Tuesday,13,Afternoon,84,1.4,Short,1066,5.5093,4.5377,0.9716,981,19.72,0.9,0.19,Average
9ntqhkR0Sc1,Complete Power BI Course — Zero to Hero,[SYNTHETIC] Complete Power BI Course — Zero to Hero — sample description for demo purposes.,UC_DATA002,DataDriven,2023-05-25 05:02:00+00:00,27,PT10M21S,hd,True,none,Statistics|AI|Data Analytics,576564,22172,4768,0,SYNTHETIC_SAMPLE,621,True,2023-05-25,2023,5,May,25,Thursday,10,Morning,621,10.35,Medium,26940,4.6725,3.8455,0.827,1175,490.69,18.87,4.06,Average
ggYhdXomzR8,Excel Tutorial for Beginners,[SYNTHETIC] Excel Tutorial for Beginners — sample description for demo purposes.,UC_ANAL005,AnalyticsHub,2022-05-11 13:13:00+00:00,22,PT45M53S,sd,True,none,SQL|Tableau,11908,582,100,0,SYNTHETIC_SAMPLE,2753,False,2022-05-11,2022,5,May,11,Wednesday,18,Evening,2753,45.88,Long,682,5.7272,4.8875,0.8398,1554,7.66,0.37,0.06,Average
d7BUFyBw6rC,Advanced SQL Techniques,[SYNTHETIC] Advanced SQL Techniques — sample description for demo purposes.,UC_SQLE008,SQLExpert,2022-08-19 21:22:50+00:00,27,PT37M39S,hd,True,none,ETL|Deep Learning|Visualization|Python,17231,320,244,0,SYNTHETIC_SAMPLE,2259,False,2022-08-20,2022,8,August,20,Saturday,2,Late Night,2259,37.65,Long,564,3.2732,1.8571,1.4161,1453,11.86,0.22,0.17,Low
IbyTEYwKurb,Complete AI Course — Zero to Hero,[SYNTHETIC] Complete AI Course — Zero to Hero — sample description for demo purposes.,UC_DATA002,DataDriven,2024-07-16 14:06:40+00:00,22,PT13M58S,hd,True,none,Data Analytics|ETL|Statistics|AI,28776,789,429,0,SYNTHETIC_SAMPLE,838,False,2024-07-16,2024,7,July,16,Tuesday,19,Evening,838,13.97,Medium,1218,4.2327,2.7419,1.4908,757,38.01,1.04,0.57,Average
VW8K_y7-lpu,Top 10 Power BI Tips and Tricks,[SYNTHETIC] Top 10 Power BI Tips and Tricks — sample description for demo purposes.,UC_LEAI004,LearnWithAI,2024-12-19 17:24:12+00:00,27,PT9M32S,sd,True,none,Machine Learning|Tableau|ETL|NumPy,11070,524,132,0,SYNTHETIC_SAMPLE,572,False,2024-12-19,2024,12,December,19,Thursday,22,Night,572,9.53,Medium,656,5.9259,4.7335,1.1924,600,18.45,0.87,0.22,Average
EvNZvlZ3djT,ETL Tutorial for Beginners,[SYNTHETIC] ETL Tutorial for Beginners — sample description for demo purposes.,UC_ANAL005,AnalyticsHub,2022-08-09 01:11:38+00:00,27,PT1M59S,hd,False,none,Statistics|AI,59112,3080,46,0,SYNTHETIC_SAMPLE,119,False,2022-08-09,2022,8,August,9,Tuesday,6,Morning,119,1.98,Short,3126,5.2883,5.2104,0.0778,1464,40.38,2.1,0.03,Average
OFuTJ4NwQ0y,Why Data Science is the Future of Tech,[SYNTHETIC] Why Data Science is the Future of Tech — sample description for demo purposes.,UC_DATA002,DataDriven,2024-12-05 13:04:56+00:00,22,PT1M40S,sd,True,none,Python|AI|Data Analytics,73959,4531,505,0,SYNTHETIC_SAMPLE,100,False,2024-12-05,2024,12,December,5,Thursday,18,Evening,100,1.67,Short,5036,6.8092,6.1264,0.6828,615,120.26,7.37,0.82,Average
7jVp_k4fTO4,Advanced Business Intelligence Techniques,[SYNTHETIC] Advanced Business Intelligence Techniques — sample description for demo purposes.,UC_CODE003,CodeMaster,2023-11-25 19:34:15+00:00,25,PT56M45S,hd,False,none,Pandas|SQL|Statistics,51674,1315,449,0,SYNTHETIC_SAMPLE,3405,False,2023-11-26,2023,11,November,26,Sunday,1,Late Night,3405,56.75,Long,1764,3.4137,2.5448,0.8689,990,52.2,1.33,0.45,Low
FyIgE3PRke2,Python Tutorial for Beginners,[SYNTHETIC] Python Tutorial for Beginners — sample description for demo purposes.,UC_ANAL005,AnalyticsHub,2023-04-04 02:59:24+00:00,28,PT12M9S,hd,False,none,Power BI|SQL|Business Intelligence|Dashboard,5036,391,67,0,SYNTHETIC_SAMPLE,729,False,2023-04-04,2023,4,April,4,Tuesday,8,Morning,729,12.15,Medium,458,9.0945,7.7641,1.3304,1226,4.11,0.32,0.05,Viral
5TBPMBdv_AJ,SQL vs Everything — Which is Best?,[SYNTHETIC] SQL vs Everything — Which is Best? — sample description for demo purposes.,UC_BIZA007,BizAnalyst,2024-04-19 01:20:08+00:00,27,PT21M22S,sd,False,none,Pandas|Power BI|Data Analytics|Tableau,96904,3261,1432,0,SYNTHETIC_SAMPLE,1282,False,2024-04-19,2024,4,April,19,Friday,6,Morning,1282,21.37,Long,4693,4.8429,3.3652,1.4778,845,114.68,3.86,1.69,Average
Mmbksf2tzFQ,Why Data Analytics is the Future of Tech,[SYNTHETIC] Why Data Analytics is the Future of Tech — sample description for demo purposes.,UC_SQLE008,SQLExpert,2022-05-22 13:49:44+00:00,27,PT1M22S,sd,True,none,AI|Statistics|Excel|Pandas,2231,68,22,0,SYNTHETIC_SAMPLE,82,False,2022-05-22,2022,5,May,22,Sunday,19,Evening,82,1.37,Short,90,4.0341,3.048,0.9861,1543,1.45,0.04,0.01,Average
SgQZAWodyH9,Build a Data Engineering Dashboard from Scratch,[SYNTHETIC] Build a Data Engineering Dashboard from Scratch — sample description for demo purposes.,UC_TECH001,TechInsights,2024-12-03 07:44:56+00:00,22,PT9M35S,sd,True,none,Data Science|SQL|AI|Data Engineering|Deep Learning,101114,5004,272,0,SYNTHETIC_SAMPLE,575,False,2024-12-03,2024,12,December,3,Tuesday,13,Afternoon,575,9.58,Medium,5276,5.2179,4.9489,0.269,617,163.88,8.11,0.44,Average
l__ZiB-B-O1,Learn Dashboard the Right Way,[SYNTHETIC] Learn Dashboard the Right Way — sample description for demo purposes.,UC_TECH001,TechInsights,2023-02-05 14:42:01+00:00,25,PT7M30S,sd,True,none,AI|Visualization,692681,12758,7951,0,SYNTHETIC_SAMPLE,450,True,2023-02-05,2023,2,February,5,Sunday,20,Evening,450,7.5,Medium,20709,2.9897,1.8418,1.1479,1284,539.47,9.94,6.19,Low
HAAjLW87Kgs,Build a Dashboard Dashboard from Scratch,[SYNTHETIC] Build a Dashboard Dashboard from Scratch — sample description for demo purposes.,UC_PYTH006,PythonPro,2024-04-12 01:51:48+00:00,22,PT15M51S,sd,False,none,AI|ETL|Dashboard|Python,7615,495,72,0,SYNTHETIC_SAMPLE,951,False,2024-04-12,2024,4,April,12,Friday,7,Morning,951,15.85,Long,567,7.4458,6.5003,0.9455,852,8.94,0.58,0.08,High
vpV65b0trFS,Complete AI Course — Zero to Hero,[SYNTHETIC] Complete AI Course — Zero to Hero — sample description for demo purposes.,UC_CODE003,CodeMaster,2022-06-02 13:48:34+00:00,22,PT11M51S,hd,True,none,Data Engineering|Business Intelligence|NumPy|Statistics,10136,128,135,0,SYNTHETIC_SAMPLE,711,False,2022-06-02,2022,6,June,2,Thursday,19,Evening,711,11.85,Medium,263,2.5947,1.2628,1.3319,1532,6.62,0.08,0.09,Low
30GktGi24bm,Top 10 SQL Tips and Tricks,[SYNTHETIC] Top 10 SQL Tips and Tricks — sample description for demo purposes.,UC_BIZA007,BizAnalyst,2022-11-08 19:38:11+00:00,25,PT11M56S,hd,True,none,Data Engineering|Data Analytics,20286,1255,233,0,SYNTHETIC_SAMPLE,716,False,2022-11-09,2022,11,November,9,Wednesday,1,Late Night,716,11.93,Medium,1488,7.3351,6.1865,1.1486,1372,14.79,0.91,0.17,High
RpFC9EJw1q1,Why NumPy is the Future of Tech,[SYNTHETIC] Why NumPy is the Future of Tech — sample description for demo purposes.,UC_PYTH006,PythonPro,2022-05-21 10:03:18+00:00,27,PT49M29S,sd,True,none,Data Analytics|Excel|Tableau|Deep Learning|Power BI,13663,516,189,0,SYNTHETIC_SAMPLE,2969,False,2022-05-21,2022,5,May,21,Saturday,15,Afternoon,2969,49.48,Long,705,5.1599,3.7766,1.3833,1544,8.85,0.33,0.12,Average
REilZoM8TTr,The Ultimate NumPy Guide,[SYNTHETIC] The Ultimate NumPy Guide — sample description for demo purposes.,UC_LEAI004,LearnWithAI,2023-08-08 20:01:19+00:00,27,PT5M20S,sd,False,none,Tableau|Data Engineering|Data Science|Business Intelligence,6999,493,101,0,SYNTHETIC_SAMPLE,320,False,2023-08-09,2023,8,August,9,Wednesday,1,Late Night,320,5.33,Medium,594,8.4869,7.0439,1.4431,1099,6.37,0.45,0.09,Viral
sREvrurP8Pm,Power BI Tutorial for Beginners,[SYNTHETIC] Power BI Tutorial for Beginners — sample description for demo purposes.,UC_BIZA007,BizAnalyst,2024-03-14 14:06:09+00:00,25,PT11M23S,hd,True,none,Business Intelligence|Machine Learning|Python|Visualization|Pandas,19543,963,178,0,SYNTHETIC_SAMPLE,683,False,2024-03-14,2024,3,March,14,Thursday,19,Evening,683,11.38,Medium,1141,5.8384,4.9276,0.9108,881,22.18,1.09,0.2,Average
0vTROE8wtkQ,Deep Learning Full Project Walkthrough,[SYNTHETIC] Deep Learning Full Project Walkthrough — sample description for demo purposes.,UC_ANAL005,AnalyticsHub,2024-05-17 04:59:44+00:00,22,PT5M36S,hd,False,none,ETL|Machine Learning,4192,213,62,0,SYNTHETIC_SAMPLE,336,False,2024-05-17,2024,5,May,17,Friday,10,Morning,336,5.6,Medium,275,6.5601,5.0811,1.479,817,5.13,0.26,0.08,Average
VtYvqs2E3L8,The Ultimate Excel Guide,[SYNTHETIC] The Ultimate Excel Guide — sample description for demo purposes.,UC_ANAL005,AnalyticsHub,2022-04-21 15:06:54+00:00,25,PT59M41S,sd,True,none,AI|Dashboard,26479,430,149,0,SYNTHETIC_SAMPLE,3581,False,2022-04-21,2022,4,April,21,Thursday,20,Evening,3581,59.68,Long,579,2.1866,1.6239,0.5627,1574,16.82,0.27,0.09,Low
-5-j3lfv-ud,Data Analytics Project Ideas for Your Resume,[SYNTHETIC] Data Analytics Project Ideas for Your Resume — sample description for demo purposes.,UC_ANAL005,AnalyticsHub,2023-12-04 05:45:57+00:00,24,PT24M23S,sd,True,none,Excel|ETL|SQL,4976,395,27,0,SYNTHETIC_SAMPLE,1463,False,2023-12-04,2023,12,December,4,Monday,11,Morning,1463,24.38,Long,422,8.4807,7.9381,0.5426,982,5.07,0.4,0.03,Viral
cmxau1mROpS,The Ultimate Deep Learning Guide,[SYNTHETIC] The Ultimate Deep Learning Guide — sample description for demo purposes.,UC_CODE003,CodeMaster,2023-06-19 22:17:24+00:00,25,PT12M19S,sd,True,none,AI|Dashboard,128464,9965,778,0,SYNTHETIC_SAMPLE,739,False,2023-06-20,2023,6,June,20,Tuesday,3,Late Night,739,12.32,Medium,10743,8.3627,7.757,0.6056,1149,111.81,8.67,0.68,High
HBRi-FWk6Zb,SQL Project Ideas for Your Resume,[SYNTHETIC] SQL Project Ideas for Your Resume — sample description for demo purposes.,UC_ANAL005,AnalyticsHub,2022-12-15 11:18:23+00:00,27,PT2M14S,hd,True,none,Dashboard|Excel,5859,245,47,0,SYNTHETIC_SAMPLE,134,False,2022-12-15,2022,12,December,15,Thursday,16,Afternoon,134,2.23,Short,292,4.9838,4.1816,0.8022,1336,4.39,0.18,0.04,Average
Mdg1dhChqSn,Data Analytics Full Project Walkthrough,[SYNTHETIC] Data Analytics Full Project Walkthrough — sample description for demo purposes.,UC_DATA002,DataDriven,2024-12-01 06:14:28+00:00,22,PT32M28S,hd,False,none,Power BI|Dashboard|NumPy|Data Science|Data Engineering,20383,1304,194,0,SYNTHETIC_SAMPLE,1948,False,2024-12-01,2024,12,December,1,Sunday,11,Morning,1948,32.47,Long,1498,7.3493,6.3975,0.9518,619,32.93,2.11,0.31,High
FMX1_wAkJ6S,Power BI vs Everything — Which is Best?,[SYNTHETIC] Power BI vs Everything — Which is Best? — sample description for demo purposes.,UC_CODE003,CodeMaster,2024-01-17 16:27:02+00:00,24,PT7M,sd,True,none,Python|SQL,53088,1581,630,0,SYNTHETIC_SAMPLE,420,False,2024-01-17,2024,1,January,17,Wednesday,21,Night,420,7.0,Medium,2211,4.1648,2.9781,1.1867,938,56.6,1.69,0.67,Average
5PD_qd032xR,Complete ETL Course — Zero to Hero,[SYNTHETIC] Complete ETL Course — Zero to Hero — sample description for demo purposes.,UC_DATA002,DataDriven,2023-10-24 18:15:08+00:00,25,PT49M56S,hd,True,none,Python|Machine Learning,6849,104,75,0,SYNTHETIC_SAMPLE,2996,False,2023-10-24,2023,10,October,24,Tuesday,23,Night,2996,49.93,Long,179,2.6135,1.5185,1.0951,1022,6.7,0.1,0.07,Low
0lz9ry2ZPZh,Advanced Statistics Techniques,[SYNTHETIC] Advanced Statistics Techniques — sample description for demo purposes.,UC_CODE003,CodeMaster,2024-12-17 11:05:38+00:00,22,PT9M34S,hd,True,none,Deep Learning|ETL,26276,1878,48,0,SYNTHETIC_SAMPLE,574,False,2024-12-17,2024,12,December,17,Tuesday,16,Afternoon,574,9.57,Medium,1926,7.3299,7.1472,0.1827,603,43.58,3.11,0.08,High
U5EF4CePa3H,Learn AI the Right Way,[SYNTHETIC] Learn AI the Right Way — sample description for demo purposes.,UC_SQLE008,SQLExpert,2024-06-14 19:01:59+00:00,27,PT5M29S,hd,False,none,Deep Learning|Pandas,57597,4053,763,0,SYNTHETIC_SAMPLE,329,False,2024-06-15,2024,6,June,15,Saturday,0,Late Night,329,5.48,Medium,4816,8.3615,7.0368,1.3247,788,73.09,5.14,0.97,High
a7GEFkWuvrG,Complete AI Course — Zero to Hero,[SYNTHETIC] Complete AI Course — Zero to Hero — sample description for demo purposes.,UC_SQLE008,SQLExpert,2024-05-05 03:57:44+00:00,22,PT53M7S,sd,False,none,SQL|Data Engineering|Dashboard,1743,126,16,0,SYNTHETIC_SAMPLE,3187,False,2024-05-05,2024,5,May,5,Sunday,9,Morning,3187,53.12,Long,142,8.1469,7.2289,0.918,829,2.1,0.15,0.02,High
zcJ0Y9O4JPD,Build a ETL Dashboard from Scratch,[SYNTHETIC] Build a ETL Dashboard from Scratch — sample description for demo purposes.,UC_SQLE008,SQLExpert,2023-06-14 11:57:56+00:00,28,PT13M29S,sd,True,none,Data Engineering|Business Intelligence|ETL,14976,931,11,0,SYNTHETIC_SAMPLE,809,False,2023-06-14,2023,6,June,14,Wednesday,17,Evening,809,13.48,Medium,942,6.2901,6.2166,0.0735,1155,12.97,0.81,0.01,Average
OZJxg5F0VAq,How to Master Power BI in 2024,[SYNTHETIC] How to Master Power BI in 2024 — sample description for demo purposes.,UC_PYTH006,PythonPro,2022-11-01 08:28:54+00:00,24,PT30M9S,hd,True,none,Tableau|Data Engineering|Visualization|Statistics|Excel,34149,346,192,0,SYNTHETIC_SAMPLE,1809,False,2022-11-01,2022,11,November,1,Tuesday,13,Afternoon,1809,30.15,Long,538,1.5754,1.0132,0.5622,1380,24.75,0.25,0.14,Low
Q9iFHd71EG6,Advanced Data Analytics Techniques,[SYNTHETIC] Advanced Data Analytics Techniques — sample description for demo purposes.,UC_DATA002,DataDriven,2022-10-03 06:35:08+00:00,24,PT7M6S,hd,True,none,AI|Business Intelligence,76660,4910,539,0,SYNTHETIC_SAMPLE,426,False,2022-10-03,2022,10,October,3,Monday,12,Afternoon,426,7.1,Medium,5449,7.108,6.4049,0.7031,1409,54.41,3.48,0.38,High
iASVtS3T7Om,Pandas Explained in 10 Minutes,[SYNTHETIC] Pandas Explained in 10 Minutes — sample description for demo purposes.,UC_BIZA007,BizAnalyst,2024-08-27 14:39:15+00:00,24,PT10M51S,sd,False,none,Excel|Dashboard|Business Intelligence,4079,317,28,0,SYNTHETIC_SAMPLE,651,False,2024-08-27,2024,8,August,27,Tuesday,20,Evening,651,10.85,Medium,345,8.458,7.7715,0.6864,715,5.7,0.44,0.04,High
I4BagyddrY_,Build a Visualization Dashboard from Scratch,[SYNTHETIC] Build a Visualization Dashboard from Scratch — sample description for demo purposes.,UC_DATA002,DataDriven,2024-11-27 14:38:17+00:00,22,PT12M7S,sd,True,none,Data Science|Tableau,6151,351,82,0,SYNTHETIC_SAMPLE,727,False,2024-11-27,2024,11,November,27,Wednesday,20,Evening,727,12.12,Medium,433,7.0395,5.7064,1.3331,623,9.87,0.56,0.13,High
JpYZsQ7y9_u,How to Master Data Engineering in 2024,[SYNTHETIC] How to Master Data Engineering in 2024 — sample description for demo purposes.,UC_TECH001,TechInsights,2024-05-07 16:41:49+00:00,22,PT14M35S,hd,True,none,Tableau|Data Engineering|Pandas|Dashboard,93536,6597,1053,0,SYNTHETIC_SAMPLE,875,False,2024-05-07,2024,5,May,7,Tuesday,22,Night,875,14.58,Medium,7650,8.1787,7.0529,1.1258,827,113.1,7.98,1.27,High
RllGyBJiLqv,Visualization Interview Questions and Answers,[SYNTHETIC] Visualization Interview Questions and Answers — sample description for demo purposes.,UC_PYTH006,PythonPro,2022-08-29 11:34:29+00:00,25,PT8M18S,hd,True,none,Data Analytics|Data Science|ETL|AI,35703,1092,109,0,SYNTHETIC_SAMPLE,498,False,2022-08-29,2022,8,August,29,Monday,17,Evening,498,8.3,Medium,1201,3.3639,3.0586,0.3053,1444,24.73,0.76,0.08,Low
kIzw4Qvs8NE,Business Intelligence vs Everything — Which is Best?,[SYNTHETIC] Business Intelligence vs Everything — Which is Best? — sample description for demo purposes.,UC_PYTH006,PythonPro,2024-05-22 00:04:25+00:00,28,PT8M8S,hd,True,none,Data Engineering|Pandas|Dashboard|Python,33766,1568,401,0,SYNTHETIC_SAMPLE,488,False,2024-05-22,2024,5,May,22,Wednesday,5,Late Night,488,8.13,Medium,1969,5.8313,4.6437,1.1876,812,41.58,1.93,0.49,Average
XGGFsPufg_X,Power BI Full Project Walkthrough,[SYNTHETIC] Power BI Full Project Walkthrough — sample description for demo purposes.,UC_PYTH006,PythonPro,2024-04-08 07:21:14+00:00,24,PT9M49S,hd,True,none,Tableau|Deep Learning|Power BI,37887,444,302,0,SYNTHETIC_SAMPLE,589,False,2024-04-08,2024,4,April,8,Monday,12,Afternoon,589,9.82,Medium,746,1.969,1.1719,0.7971,856,44.26,0.52,0.35,Low
DvfdYJKoqyO,The Ultimate Deep Learning Guide,[SYNTHETIC] The Ultimate Deep Learning Guide — sample description for demo purposes.,UC_LEAI004,LearnWithAI,2023-11-04 16:20:36+00:00,25,PT19M56S,sd,True,none,Power BI|Python|SQL|AI|Statistics,19898,1239,54,0,SYNTHETIC_SAMPLE,1196,False,2023-11-04,2023,11,November,4,Saturday,21,Night,1196,19.93,Long,1293,6.4981,6.2268,0.2714,1012,19.66,1.22,0.05,Average
fWCzQEIizZI,Advanced Statistics Techniques,[SYNTHETIC] Advanced Statistics Techniques — sample description for demo purposes.,UC_TECH001,TechInsights,2024-09-11 22:56:09+00:00,28,PT9M56S,hd,False,none,Python|Machine Learning|Power BI|Visualization,66070,4299,321,0,SYNTHETIC_SAMPLE,596,False,2024-09-12,2024,9,September,12,Thursday,4,Late Night,596,9.93,Medium,4620,6.9926,6.5067,0.4858,699,94.52,6.15,0.46,High
5wAPGko1mlZ,AI vs Everything — Which is Best?,[SYNTHETIC] AI vs Everything — Which is Best? — sample description for demo purposes.,UC_TECH001,TechInsights,2022-03-26 11:44:34+00:00,25,PT6M27S,sd,True,none,SQL|NumPy|Power BI|ETL,71073,2226,806,0,SYNTHETIC_SAMPLE,387,False,2022-03-26,2022,3,March,26,Saturday,17,Evening,387,6.45,Medium,3032,4.266,3.132,1.134,1600,44.42,1.39,0.5,Average
5uCNtLKxuBa,Complete Statistics Course — Zero to Hero,[SYNTHETIC] Complete Statistics Course — Zero to Hero — sample description for demo purposes.,UC_SQLE008,SQLExpert,2023-01-18 10:04:27+00:00,22,PT9M,hd,False,none,Statistics|Machine Learning|Business Intelligence|Data Engineering,5092,86,48,0,SYNTHETIC_SAMPLE,540,False,2023-01-18,2023,1,January,18,Wednesday,15,Afternoon,540,9.0,Medium,134,2.6316,1.6889,0.9427,1302,3.91,0.07,0.04,Low
M12iIq4eebG,Why Data Engineering is the Future of Tech,[SYNTHETIC] Why Data Engineering is the Future of Tech — sample description for demo purposes.,UC_SQLE008,SQLExpert,2022-02-18 11:00:18+00:00,24,PT48M15S,sd,True,none,Visualization|NumPy,112599,5474,343,0,SYNTHETIC_SAMPLE,2895,False,2022-02-18,2022,2,February,18,Friday,16,Afternoon,2895,48.25,Long,5817,5.1661,4.8615,0.3046,1636,68.83,3.35,0.21,Average
fxap9_RWikK,Statistics Full Project Walkthrough,[SYNTHETIC] Statistics Full Project Walkthrough — sample description for demo purposes.,UC_SQLE008,SQLExpert,2024-05-28 23:01:12+00:00,27,PT9M57S,hd,False,none,Data Analytics|Pandas|ETL|Power BI,21189,410,164,0,SYNTHETIC_SAMPLE,597,False,2024-05-29,2024,5,May,29,Wednesday,4,Late Night,597,9.95,Medium,574,2.709,1.935,0.774,805,26.32,0.51,0.2,Low
y64cPg9OrVL,Top 10 Statistics Tips and Tricks,[SYNTHETIC] Top 10 Statistics Tips and Tricks — sample description for demo purposes.,UC_DATA002,DataDriven,2024-06-04 17:06:40+00:00,22,PT1M52S,hd,False,none,Statistics|SQL|NumPy|Tableau|Power BI,7182,332,86,0,SYNTHETIC_SAMPLE,112,False,2024-06-04,2024,6,June,4,Tuesday,22,Night,112,1.87,Short,418,5.8201,4.6227,1.1974,799,8.99,0.42,0.11,Average
CoGrjkM0QAv,Build a Statistics Dashboard from Scratch,[SYNTHETIC] Build a Statistics Dashboard from Scratch — sample description for demo purposes.,UC_BIZA007,BizAnalyst,2022-06-26 01:34:22+00:00,22,PT56M15S,sd,False,none,Tableau|Excel|Deep Learning|Python|Power BI,39576,414,525,0,SYNTHETIC_SAMPLE,3375,False,2022-06-26,2022,6,June,26,Sunday,7,Morning,3375,56.25,Long,939,2.3727,1.0461,1.3266,1508,26.24,0.27,0.35,Low
k7Hz_O4U08n,Complete Excel Course — Zero to Hero,[SYNTHETIC] Complete Excel Course — Zero to Hero — sample description for demo purposes.,UC_TECH001,TechInsights,2024-07-31 04:55:27+00:00,27,PT5M40S,sd,False,none,Pandas|Deep Learning|Machine Learning,15524,1123,40,0,SYNTHETIC_SAMPLE,340,False,2024-07-31,2024,7,July,31,Wednesday,10,Morning,340,5.67,Medium,1163,7.4916,7.234,0.2577,742,20.92,1.51,0.05,High
eyibH6R0Ml5,Dashboard Explained in 10 Minutes,[SYNTHETIC] Dashboard Explained in 10 Minutes — sample description for demo purposes.,UC_CODE003,CodeMaster,2024-07-20 18:40:45+00:00,25,PT10M50S,hd,True,none,ETL|Machine Learning,51430,3834,470,0,SYNTHETIC_SAMPLE,650,False,2024-07-21,2024,7,July,21,Sunday,0,Late Night,650,10.83,Medium,4304,8.3687,7.4548,0.9139,752,68.39,5.1,0.62,High
8EXwZ61KBqX,Dashboard Full Project Walkthrough,[SYNTHETIC] Dashboard Full Project Walkthrough — sample description for demo purposes.,UC_TECH001,TechInsights,2022-05-11 04:56:45+00:00,24,PT5M44S,sd,False,none,Tableau|Python|Dashboard|Data Science,200805,11814,1349,0,SYNTHETIC_SAMPLE,344,True,2022-05-11,2022,5,May,11,Wednesday,10,Morning,344,5.73,Medium,13163,6.5551,5.8833,0.6718,1554,129.22,7.6,0.87,Average
BLqIKN-znJJ,Python Full Project Walkthrough,[SYNTHETIC] Python Full Project Walkthrough — sample description for demo purposes.,UC_DATA002,DataDriven,2022-10-05 15:08:58+00:00,25,PT10M23S,sd,False,none,Data Science|Statistics|AI|Dashboard,11205,432,22,0,SYNTHETIC_SAMPLE,623,False,2022-10-05,2022,10,October,5,Wednesday,20,Evening,623,10.38,Medium,454,4.0518,3.8554,0.1963,1407,7.96,0.31,0.02,Average
YZNRdyOZ0EM,Build a Pandas Dashboard from Scratch,[SYNTHETIC] Build a Pandas Dashboard from Scratch — sample description for demo purposes.,UC_CODE003,CodeMaster,2022-05-17 22:07:23+00:00,28,PT26M3S,hd,False,none,Statistics|SQL|Data Analytics,63547,1081,500,0,SYNTHETIC_SAMPLE,1563,False,2022-05-18,2022,5,May,18,Wednesday,3,Late Night,1563,26.05,Long,1581,2.4879,1.7011,0.7868,1547,41.08,0.7,0.32,Low
OCmQZscMHok,Dashboard Explained in 10 Minutes,[SYNTHETIC] Dashboard Explained in 10 Minutes — sample description for demo purposes.,UC_BIZA007,BizAnalyst,2022-02-26 00:27:23+00:00,24,PT5M58S,sd,True,none,Excel|SQL,29538,2250,366,0,SYNTHETIC_SAMPLE,358,False,2022-02-26,2022,2,February,26,Saturday,5,Late Night,358,5.97,Medium,2616,8.8564,7.6173,1.2391,1628,18.14,1.38,0.22,Viral
T6JUJLw0o9D,The Ultimate Statistics Guide,[SYNTHETIC] The Ultimate Statistics Guide — sample description for demo purposes.,UC_ANAL005,AnalyticsHub,2023-09-20 12:35:19+00:00,24,PT15M,hd,False,none,Deep Learning|Dashboard|Power BI,40226,966,29,0,SYNTHETIC_SAMPLE,900,False,2023-09-20,2023,9,September,20,Wednesday,18,Evening,900,15.0,Medium,995,2.4735,2.4014,0.0721,1057,38.06,0.91,0.03,Low
0KS9KXW9DDL,Why Data Science is the Future of Tech,[SYNTHETIC] Why Data Science is the Future of Tech — sample description for demo purposes.,UC_DATA002,DataDriven,2022-02-12 11:42:28+00:00,25,PT50M3S,sd,True,none,SQL|AI|Pandas|Business Intelligence,292173,22488,3857,0,SYNTHETIC_SAMPLE,3003,True,2022-02-12,2022,2,February,12,Saturday,17,Evening,3003,50.05,Long,26345,9.0169,7.6968,1.3201,1642,177.94,13.7,2.35,Viral
szVvJlunKlV,Why Deep Learning is the Future of Tech,[SYNTHETIC] Why Deep Learning is the Future of Tech — sample description for demo purposes.,UC_LEAI004,LearnWithAI,2022-10-23 09:57:29+00:00,22,PT5M9S,sd,True,none,Pandas|NumPy|Tableau,33521,1979,144,0,SYNTHETIC_SAMPLE,309,False,2022-10-23,2022,10,October,23,Sunday,15,Afternoon,309,5.15,Medium,2123,6.3333,5.9038,0.4296,1389,24.13,1.42,0.1,Average
f9Fa292xu54,Pandas Project Ideas for Your Resume,[SYNTHETIC] Pandas Project Ideas for Your Resume — sample description for demo purposes.,UC_LEAI004,LearnWithAI,2024-06-11 11:38:05+00:00,27,PT7M39S,sd,False,none,Dashboard|NumPy|AI,18213,1175,40,0,SYNTHETIC_SAMPLE,459,False,2024-06-11,2024,6,June,11,Tuesday,17,Evening,459,7.65,Medium,1215,6.6711,6.4514,0.2196,792,23.0,1.48,0.05,Average
GzRl_SDSanL,Machine Learning Tutorial for Beginners,[SYNTHETIC] Machine Learning Tutorial for Beginners — sample description for demo purposes.,UC_LEAI004,LearnWithAI,2023-05-21 13:08:27+00:00,25,PT12M13S,sd,False,none,Visualization|NumPy|Pandas,15475,672,129,0,SYNTHETIC_SAMPLE,733,False,2023-05-21,2023,5,May,21,Sunday,18,Evening,733,12.22,Medium,801,5.1761,4.3425,0.8336,1179,13.13,0.57,0.11,Average
x2rliKogrpB,Why Business Intelligence is the Future of Tech,[SYNTHETIC] Why Business Intelligence is the Future of Tech — sample description for demo purposes.,UC_ANAL005,AnalyticsHub,2023-08-15 16:21:42+00:00,24,PT12M14S,hd,True,none,ETL|Python|Excel,5635,139,60,0,SYNTHETIC_SAMPLE,734,False,2023-08-15,2023,8,August,15,Tuesday,21,Night,734,12.23,Medium,199,3.5315,2.4667,1.0648,1093,5.16,0.13,0.05,Low
Fq2dgknq1gV,Advanced Machine Learning Techniques,[SYNTHETIC] Advanced Machine Learning Techniques — sample description for demo purposes.,UC_BIZA007,BizAnalyst,2023-02-08 12:53:41+00:00,24,PT50M18S,sd,False,none,Statistics|Python|Deep Learning|Data Analytics,16409,777,83,0,SYNTHETIC_SAMPLE,3018,False,2023-02-08,2023,2,February,8,Wednesday,18,Evening,3018,50.3,Long,860,5.241,4.7352,0.5058,1281,12.81,0.61,0.06,Average
wRFV4ysOjkZ,I Tried Tableau for 30 Days — Here's What Happened,[SYNTHETIC] I Tried Tableau for 30 Days — Here's What Happened — sample description for demo purposes.,UC_PYTH006,PythonPro,2023-06-09 02:44:52+00:00,25,PT14M11S,sd,False,none,SQL|Excel,37647,836,444,0,SYNTHETIC_SAMPLE,851,False,2023-06-09,2023,6,June,9,Friday,8,Morning,851,14.18,Medium,1280,3.4,2.2206,1.1794,1160,32.45,0.72,0.38,Low
4X8VHCk2ipq,Why Business Intelligence is the Future of Tech,[SYNTHETIC] Why Business Intelligence is the Future of Tech — sample description for demo purposes.,UC_PYTH006,PythonPro,2024-12-24 11:52:29+00:00,27,PT9M33S,hd,True,none,AI|Power BI|Dashboard,34844,1825,217,0,SYNTHETIC_SAMPLE,573,False,2024-12-24,2024,12,December,24,Tuesday,17,Evening,573,9.55,Medium,2042,5.8604,5.2376,0.6228,596,58.46,3.06,0.36,Average
gNf7yoVCiHk,Visualization Tutorial for Beginners,[SYNTHETIC] Visualization Tutorial for Beginners — sample description for demo purposes.,UC_DATA002,DataDriven,2022-02-24 14:40:21+00:00,24,PT2M41S,sd,False,none,Data Engineering|NumPy|Visualization|SQL|Statistics,80948,3778,1209,0,SYNTHETIC_SAMPLE,161,False,2022-02-24,2022,2,February,24,Thursday,20,Evening,161,2.68,Short,4987,6.1607,4.6672,1.4936,1630,49.66,2.32,0.74,Average
I6EoftAjaHW,The Ultimate Data Engineering Guide,[SYNTHETIC] The Ultimate Data Engineering Guide — sample description for demo purposes.,UC_CODE003,CodeMaster,2022-07-31 17:38:57+00:00,25,PT14M37S,sd,False,none,Visualization|Python|ETL|AI|Pandas,20314,821,198,0,SYNTHETIC_SAMPLE,877,False,2022-07-31,2022,7,July,31,Sunday,23,Night,877,14.62,Medium,1019,5.0162,4.0415,0.9747,1472,13.8,0.56,0.13,Average
m4BpTP1ofOH,Learn Deep Learning the Right Way,[SYNTHETIC] Learn Deep Learning the Right Way — sample description for demo purposes.,UC_ANAL005,AnalyticsHub,2024-08-10 14:21:27+00:00,28,PT8M56S,sd,False,none,Deep Learning|Tableau|SQL|ETL,85823,5644,725,0,SYNTHETIC_SAMPLE,536,False,2024-08-10,2024,8,August,10,Saturday,19,Evening,536,8.93,Medium,6369,7.4211,6.5763,0.8448,732,117.24,7.71,0.99,High
mbdIlgrTUoj,The Ultimate Power BI Guide,[SYNTHETIC] The Ultimate Power BI Guide — sample description for demo purposes.,UC_CODE003,CodeMaster,2024-02-06 17:58:46+00:00,22,PT12M43S,hd,False,none,Data Science|ETL|Statistics|Pandas|Dashboard,14558,422,138,0,SYNTHETIC_SAMPLE,763,False,2024-02-06,2024,2,February,6,Tuesday,23,Night,763,12.72,Medium,560,3.8467,2.8987,0.9479,917,15.88,0.46,0.15,Average
eEm101hXpXC,SQL Project Ideas for Your Resume,[SYNTHETIC] SQL Project Ideas for Your Resume — sample description for demo purposes.,UC_TECH001,TechInsights,2022-02-22 01:21:15+00:00,22,PT24M59S,hd,False,none,Dashboard|Tableau,1307962,18210,15364,0,SYNTHETIC_SAMPLE,1499,True,2022-02-22,2022,2,February,22,Tuesday,6,Morning,1499,24.98,Long,33574,2.5669,1.3922,1.1747,1632,801.45,11.16,9.41,Low
hEtxdQ_pBaY,Advanced Data Science Techniques,[SYNTHETIC] Advanced Data Science Techniques — sample description for demo purposes.,UC_SQLE008,SQLExpert,2024-06-27 07:04:44+00:00,24,PT5M43S,hd,False,none,Python|Data Analytics|ETL,25424,1579,215,0,SYNTHETIC_SAMPLE,343,False,2024-06-27,2024,6,June,27,Thursday,12,Afternoon,343,5.72,Medium,1794,7.0563,6.2107,0.8457,776,32.76,2.03,0.28,High
_WdwjIgFuJP,Top 10 SQL Tips and Tricks,[SYNTHETIC] Top 10 SQL Tips and Tricks — sample description for demo purposes.,UC_CODE003,CodeMaster,2023-06-24 12:56:37+00:00,22,PT6M33S,sd,True,none,AI|Statistics,7150,414,38,0,SYNTHETIC_SAMPLE,393,False,2023-06-24,2023,6,June,24,Saturday,18,Evening,393,6.55,Medium,452,6.3217,5.7902,0.5315,1145,6.24,0.36,0.03,Average
mlwUr16Jejs,Build a Data Analytics Dashboard from Scratch,[SYNTHETIC] Build a Data Analytics Dashboard from Scratch — sample description for demo purposes.,UC_CODE003,CodeMaster,2023-02-14 02:22:20+00:00,22,PT14M32S,sd,False,none,Dashboard|AI,5532,169,58,0,SYNTHETIC_SAMPLE,872,False,2023-02-14,2023,2,February,14,Tuesday,7,Morning,872,14.53,Medium,227,4.1034,3.055,1.0484,1275,4.34,0.13,0.05,Average
IyHFJNuPhHe,Learn Statistics the Right Way,[SYNTHETIC] Learn Statistics the Right Way — sample description for demo purposes.,UC_CODE003,CodeMaster,2022-07-21 14:20:07+00:00,28,PT10M28S,hd,True,none,Power BI|ETL|Tableau,35683,2157,358,0,SYNTHETIC_SAMPLE,628,False,2022-07-21,2022,7,July,21,Thursday,19,Evening,628,10.47,Medium,2515,7.0482,6.0449,1.0033,1483,24.06,1.45,0.24,High
Ta6P71DOxV4,The Ultimate AI Guide,[SYNTHETIC] The Ultimate AI Guide — sample description for demo purposes.,UC_DATA002,DataDriven,2023-07-28 07:52:35+00:00,28,PT9M22S,hd,False,none,SQL|Data Science,22943,308,84,0,SYNTHETIC_SAMPLE,562,False,2023-07-28,2023,7,July,28,Friday,13,Afternoon,562,9.37,Medium,392,1.7086,1.3425,0.3661,1111,20.65,0.28,0.08,Low
HpOlVAgOwDQ,How to Master Dashboard in 2024,[SYNTHETIC] How to Master Dashboard in 2024 — sample description for demo purposes.,UC_DATA002,DataDriven,2022-06-11 17:13:07+00:00,27,PT1M59S,hd,True,none,Dashboard|Business Intelligence|Excel|NumPy|Data Science,70668,3336,229,0,SYNTHETIC_SAMPLE,119,False,2022-06-11,2022,6,June,11,Saturday,22,Night,119,1.98,Short,3565,5.0447,4.7207,0.3241,1522,46.43,2.19,0.15,Average
O0upIyJVxC9,Business Intelligence vs Everything — Which is Best?,[SYNTHETIC] Business Intelligence vs Everything — Which is Best? — sample description for demo purposes.,UC_SQLE008,SQLExpert,2022-01-01 07:17:36+00:00,22,PT37M10S,hd,False,none,Dashboard|Machine Learning,21174,1463,137,0,SYNTHETIC_SAMPLE,2230,False,2022-01-01,2022,1,January,1,Saturday,12,Afternoon,2230,37.17,Long,1600,7.5564,6.9094,0.647,1684,12.57,0.87,0.08,High
SrJJ7jcwixL,Top 10 Data Science Tips and Tricks,[SYNTHETIC] Top 10 Data Science Tips and Tricks — sample description for demo purposes.,UC_ANAL005,AnalyticsHub,2022-12-28 22:39:05+00:00,28,PT10M22S,sd,False,none,AI|Tableau,13744,158,170,0,SYNTHETIC_SAMPLE,622,False,2022-12-29,2022,12,December,29,Thursday,4,Late Night,622,10.37,Medium,328,2.3865,1.1496,1.2369,1322,10.4,0.12,0.13,Low
PcZyX6v4B7h,Complete ETL Course — Zero to Hero,[SYNTHETIC] Complete ETL Course — Zero to Hero — sample description for demo purposes.,UC_DATA002,DataDriven,2022-12-19 04:38:50+00:00,22,PT14M50S,hd,False,none,Data Science|Dashboard,10859,731,20,0,SYNTHETIC_SAMPLE,890,False,2022-12-19,2022,12,December,19,Monday,10,Morning,890,14.83,Medium,751,6.9159,6.7317,0.1842,1332,8.15,0.55,0.02,Average
R-_WKfBYjvE,I Tried Visualization for 30 Days — Here's What Happened,[SYNTHETIC] I Tried Visualization for 30 Days — Here's What Happened — sample description for demo purposes.,UC_TECH001,TechInsights,2022-03-18 14:27:03+00:00,22,PT3M8S,sd,False,none,AI|Dashboard,8118,477,22,0,SYNTHETIC_SAMPLE,188,False,2022-03-18,2022,3,March,18,Friday,19,Evening,188,3.13,Short,499,6.1468,5.8758,0.271,1608,5.05,0.3,0.01,Average
J-HprBRKhAx,Build a Machine Learning Dashboard from Scratch,[SYNTHETIC] Build a Machine Learning Dashboard from Scratch — sample description for demo purposes.,UC_BIZA007,BizAnalyst,2022-10-23 21:58:20+00:00,27,PT13M19S,sd,False,none,Data Science|Excel,10533,396,92,0,SYNTHETIC_SAMPLE,799,False,2022-10-24,2022,10,October,24,Monday,3,Late Night,799,13.32,Medium,488,4.6331,3.7596,0.8734,1388,7.59,0.29,0.07,Average
RjUfVpNj1sv,I Tried Data Engineering for 30 Days — Here's What Happened,[SYNTHETIC] I Tried Data Engineering for 30 Days — Here's What Happened — sample description for demo purposes.,UC_PYTH006,PythonPro,2022-06-22 20:44:39+00:00,25,PT1M11S,sd,False,none,Python|Business Intelligence|Tableau|Statistics|NumPy,69864,5218,271,0,SYNTHETIC_SAMPLE,71,False,2022-06-23,2022,6,June,23,Thursday,2,Late Night,71,1.18,Short,5489,7.8567,7.4688,0.3879,1511,46.24,3.45,0.18,High
jSbLQcksYNd,Visualization vs Everything — Which is Best?,[SYNTHETIC] Visualization vs Everything — Which is Best? — sample description for demo purposes.,UC_LEAI004,LearnWithAI,2024-10-14 03:08:33+00:00,27,PT52M28S,hd,True,none,NumPy|Statistics|Power BI|Python|Machine Learning,58181,2549,644,0,SYNTHETIC_SAMPLE,3148,False,2024-10-14,2024,10,October,14,Monday,8,Morning,3148,52.47,Long,3193,5.488,4.3812,1.1069,667,87.23,3.82,0.97,Average
Mfm9JTc7tFV,AI vs Everything — Which is Best?,[SYNTHETIC] AI vs Everything — Which is Best? — sample description for demo purposes.,UC_BIZA007,BizAnalyst,2022-01-29 12:57:58+00:00,27,PT21M48S,sd,False,none,Data Science|Pandas|NumPy|AI,4036,295,30,0,SYNTHETIC_SAMPLE,1308,False,2022-01-29,2022,1,January,29,Saturday,18,Evening,1308,21.8,Long,325,8.0525,7.3092,0.7433,1656,2.44,0.18,0.02,High
ovziUHR3RAK,Advanced AI Techniques,[SYNTHETIC] Advanced AI Techniques — sample description for demo purposes.,UC_TECH001,TechInsights,2023-10-25 11:46:02+00:00,22,PT17M1S,sd,False,none,Visualization|Machine Learning|Tableau|Business Intelligence|SQL,61549,4683,877,0,SYNTHETIC_SAMPLE,1021,False,2023-10-25,2023,10,October,25,Wednesday,17,Evening,1021,17.02,Long,5560,9.0335,7.6086,1.4249,1022,60.22,4.58,0.86,Viral
6XPKkeIUl1j,Data Science Interview Questions and Answers,[SYNTHETIC] Data Science Interview Questions and Answers — sample description for demo purposes.,UC_LEAI004,LearnWithAI,2022-02-15 19:13:07+00:00,27,PT13M56S,sd,False,none,Data Science|Data Engineering|NumPy|SQL|AI,71453,5263,481,0,SYNTHETIC_SAMPLE,836,False,2022-02-16,2022,2,February,16,Wednesday,0,Late Night,836,13.93,Medium,5744,8.0389,7.3657,0.6732,1638,43.62,3.21,0.29,High
NMobfXi2EPl,Complete Machine Learning Course — Zero to Hero,[SYNTHETIC] Complete Machine Learning Course — Zero to Hero — sample description for demo purposes.,UC_LEAI004,LearnWithAI,2023-08-25 21:33:59+00:00,28,PT3M36S,sd,False,none,Excel|Tableau|Pandas,15580,828,144,0,SYNTHETIC_SAMPLE,216,False,2023-08-26,2023,8,August,26,Saturday,3,Late Night,216,3.6,Short,972,6.2388,5.3145,0.9243,1082,14.4,0.77,0.13,Average
mnl9CNS34BX,Advanced Python Techniques,[SYNTHETIC] Advanced Python Techniques — sample description for demo purposes.,UC_TECH001,TechInsights,2024-08-02 09:16:17+00:00,24,PT12M2S,sd,False,none,Visualization|Dashboard|Data Analytics|NumPy|ETL,60129,1538,615,0,SYNTHETIC_SAMPLE,722,False,2024-08-02,2024,8,August,2,Friday,14,Afternoon,722,12.03,Medium,2153,3.5806,2.5578,1.0228,740,81.26,2.08,0.83,Low
cyW9mC4Xsks,Advanced Data Analytics Techniques,[SYNTHETIC] Advanced Data Analytics Techniques — sample description for demo purposes.,UC_SQLE008,SQLExpert,2022-03-26 17:38:49+00:00,24,PT50M25S,hd,False,none,SQL|Dashboard|Power BI|Visualization|AI,12868,613,190,0,SYNTHETIC_SAMPLE,3025,False,2022-03-26,2022,3,March,26,Saturday,23,Night,3025,50.42,Long,803,6.2403,4.7638,1.4765,1599,8.05,0.38,0.12,Average
54fuPTkUfTO,Why Deep Learning is the Future of Tech,[SYNTHETIC] Why Deep Learning is the Future of Tech — sample description for demo purposes.,UC_CODE003,CodeMaster,2022-05-13 12:27:30+00:00,24,PT8M3S,sd,True,none,Visualization|AI|Data Analytics|Dashboard|SQL,5074,211,68,0,SYNTHETIC_SAMPLE,483,False,2022-05-13,2022,5,May,13,Friday,17,Evening,483,8.05,Medium,279,5.4986,4.1585,1.3402,1552,3.27,0.14,0.04,Average
