video_id,title,description,channel_id,channel_title,published_at,category_id,duration,definition,caption_status,live_broadcast_content,tags,view_count,like_count,comment_count,favorite_count,data_source
fBbnGbmPIoL,Top 10 NumPy Tips and Tricks,[SYNTHETIC] Top 10 NumPy Tips and Tricks — sample description for demo purposes.,UC_DATA002,DataDriven,2022-01-11T02:17:28Z,28,PT6M44S,hd,false,none,NumPy|Machine Learning|Tableau|AI,54448,3123,731,0,SYNTHETIC_SAMPLE
cDh7fsO4xme,SQL Full Project Walkthrough,[SYNTHETIC] SQL Full Project Walkthrough — sample description for demo purposes.,UC_PYTH006,PythonPro,2024-10-24T05:41:00Z,28,PT4M36S,hd,false,none,Pandas|Power BI,21177,721,91,0,SYNTHETIC_SAMPLE
r7PMkUky-OJ,The Ultimate Data Engineering Guide,[SYNTHETIC] The Ultimate Data Engineering Guide — sample description for demo purposes.,UC_BIZA007,BizAnalyst,2024-11-29T12:16:09Z,22,PT26M7S,sd,true,none,Data Analytics|Business Intelligence|AI,39157,1406,138,0,SYNTHETIC_SAMPLE
4PjiVIVBLx-,Advanced Tableau Techniques,[SYNTHETIC] Advanced Tableau Techniques — sample description for demo purposes.,UC_ANAL005,AnalyticsHub,2022-08-03T21:22:52Z,28,PT36M29S,sd,true,none,Power BI|Machine Learning,93287,2321,721,0,SYNTHETIC_SAMPLE
3aURIrPhBD9,SQL Full Project Walkthrough,[SYNTHETIC] SQL Full Project Walkthrough — sample description for demo purposes.,UC_CODE003,CodeMaster,2023-02-14T03:51:19Z,24,PT12M59S,hd,true,none,Dashboard|Tableau|Machine Learning|Excel,15100,710,220,0,SYNTHETIC_SAMPLE
x-ZppKfU0_I,Advanced Dashboard Techniques,[SYNTHETIC] Advanced Dashboard Techniques — sample description for demo purposes.,UC_CODE003,CodeMaster,2022-07-15T08:41:30Z,25,PT2M22S,hd,false,none,NumPy|Dashboard|Deep Learning,15101,667,32,0,SYNTHETIC_SAMPLE
hovLooeOo53,Tableau Interview Questions and Answers,[SYNTHETIC] Tableau Interview Questions and Answers — sample description for demo purposes.,UC_LEAI004,LearnWithAI,2022-04-21T01:45:12Z,25,PT11M22S,hd,false,none,Tableau|Machine Learning|ETL|Power BI|AI,299381,12174,2396,0,SYNTHETIC_SAMPLE
3dPPdUZgmIi,How to Master Tableau in 2024,[SYNTHETIC] How to Master Tableau in 2024 — sample description for demo purposes.,UC_SQLE008,SQLExpert,2022-10-13T00:55:47Z,24,PT2M50S,sd,false,none,SQL|Data Engineering|Power BI,30139,1048,194,0,SYNTHETIC_SAMPLE
nzdy-qYDB9-,How to Master Python in 2024,[SYNTHETIC] How to Master Python in 2024 — sample description for demo purposes.,UC_TECH001,TechInsights,2024-05-13T08:32:41Z,25,PT31M9S,sd,true,none,Data Science|Tableau|Data Analytics,28464,616,214,0,SYNTHETIC_SAMPLE
dG2ee3z8KLc,Data Analytics Tutorial for Beginners,[SYNTHETIC] Data Analytics Tutorial for Beginners — sample description for demo purposes.,UC_TECH001,TechInsights,2022-05-08T08:33:46Z,22,PT13M34S,sd,false,none,Tableau|Business Intelligence|Pandas|Machine Learning,95879,7129,786,0,SYNTHETIC_SAMPLE
KgIGiwepsCI,Build a Data Science Dashboard from Scratch,[SYNTHETIC] Build a Data Science Dashboard from Scratch — sample description for demo purposes.,UC_BIZA007,BizAnalyst,2023-04-15T22:39:23Z,27,PT6M14S,hd,false,none,Machine Learning|NumPy,10321,109,98,0,SYNTHETIC_SAMPLE
OqF52fBraXO,Complete Visualization Course — Zero to Hero,[SYNTHETIC] Complete Visualization Course — Zero to Hero — sample description for demo purposes.,UC_DATA002,DataDriven,2023-02-11T22:24:00Z,28,PT8M35S,hd,false,none,Visualization|Python|Power BI|Data Analytics|Statistics,17155,1033,59,0,SYNTHETIC_SAMPLE
t5Y35npgX4A,Data Analytics Project Ideas for Your Resume,[SYNTHETIC] Data Analytics Project Ideas for Your Resume — sample description for demo purposes.,UC_CODE003,CodeMaster,2024-08-22T03:56:17Z,25,PT14M25S,hd,true,none,Excel|Deep Learning|Python,26738,544,62,0,SYNTHETIC_SAMPLE
g32o0DtYobm,Learn Deep Learning the Right Way,[SYNTHETIC] Learn Deep Learning the Right Way — sample description for demo purposes.,UC_CODE003,CodeMaster,2023-05-25T22:29:33Z,22,PT9M14S,sd,true,none,Statistics|Dashboard|AI|Business Intelligence,2013,57,23,0,SYNTHETIC_SAMPLE
cMwYB_h5mcB,Advanced Power BI Techniques,[SYNTHETIC] Advanced Power BI Techniques — sample description for demo purposes.,UC_PYTH006,PythonPro,2024-03-18T16:02:07Z,28,PT27M12S,hd,false,none,SQL|Business Intelligence|Dashboard|ETL|Deep Learning,3154,159,46,0,SYNTHETIC_SAMPLE
iA8R5NtJasB,Dashboard Explained in 10 Minutes,[SYNTHETIC] Dashboard Explained in 10 Minutes — sample description for demo purposes.,UC_DATA002,DataDriven,2024-06-19T23:23:59Z,22,PT10M34S,sd,false,none,Data Engineering|Tableau|ETL|AI|Visualization,15278,583,73,0,SYNTHETIC_SAMPLE
ptZjc_NXD4K,Data Science vs Everything — Which is Best?,[SYNTHETIC] Data Science vs Everything — Which is Best? — sample description for demo purposes.,UC_CODE003,CodeMaster,2024-12-17T17:58:05Z,28,PT10M43S,sd,false,none,Pandas|Machine Learning|Python|Data Engineering|AI,5931,98,84,0,SYNTHETIC_SAMPLE
6hiDHJuWC05,Complete Pandas Course — Zero to Hero,[SYNTHETIC] Complete Pandas Course — Zero to Hero — sample description for demo purposes.,UC_DATA002,DataDriven,2023-10-25T22:02:54Z,24,PT50M22S,sd,true,none,Data Engineering|NumPy|Pandas|Deep Learning|Business Intelligence,43741,1859,375,0,SYNTHETIC_SAMPLE
ruIioSTeAIA,The Ultimate ETL Guide,[SYNTHETIC] The Ultimate ETL Guide — sample description for demo purposes.,UC_ANAL005,AnalyticsHub,2022-11-18T07:20:41Z,25,PT12M30S,sd,false,none,AI|ETL,5045,77,23,0,SYNTHETIC_SAMPLE
Z5FrFyQZU16,Learn Data Science the Right Way,[SYNTHETIC] Learn Data Science the Right Way — sample description for demo purposes.,UC_TECH001,TechInsights,2024-08-24T15:25:15Z,22,PT12M9S,hd,false,none,SQL|Deep Learning,9182,437,102,0,SYNTHETIC_SAMPLE
WyW1qfbI-wP,Excel Tutorial for Beginners,[SYNTHETIC] Excel Tutorial for Beginners — sample description for demo purposes.,UC_CODE003,CodeMaster,2024-10-09T11:10:29Z,24,PT10M35S,hd,true,none,Tableau|Python|Machine Learning,116106,2881,608,0,SYNTHETIC_SAMPLE
xM9TXktL7K6,The Ultimate ETL Guide,[SYNTHETIC] The Ultimate ETL Guide — sample description for demo purposes.,UC_LEAI004,LearnWithAI,2023-08-07T00:27:27Z,27,PT1M55S,sd,true,none,Pandas|Power BI,34320,1460,144,0,SYNTHETIC_SAMPLE
xGv20g9O1TB,Learn Power BI the Right Way,[SYNTHETIC] Learn Power BI the Right Way — sample description for demo purposes.,UC_ANAL005,AnalyticsHub,2024-03-21T12:07:42Z,25,PT17M49S,sd,false,none,Deep Learning|NumPy|Business Intelligence|Visualization|Power BI,16266,557,109,0,SYNTHETIC_SAMPLE
b2lnZv4Sra8,Top 10 Data Engineering Tips and Tricks,[SYNTHETIC] Top 10 Data Engineering Tips and Tricks — sample description for demo purposes.,UC_DATA002,DataDriven,2022-05-13T23:52:57Z,22,PT53M55S,hd,false,none,Visualization|Pandas|ETL|Business Intelligence|Statistics,5427,286,32,0,SYNTHETIC_SAMPLE
LEHBVvSrqhm,How to Master Python in 2024,[SYNTHETIC] How to Master Python in 2024 — sample description for demo purposes.,UC_SQLE008,SQLExpert,2022-07-05T17:19:25Z,24,PT11M54S,hd,true,none,ETL|NumPy|Data Science,6244,364,30,0,SYNTHETIC_SAMPLE
r_JSi3F3KEC,Top 10 Data Science Tips and Tricks,[SYNTHETIC] Top 10 Data Science Tips and Tricks — sample description for demo purposes.,UC_DATA002,DataDriven,2022-10-14T09:34:32Z,27,PT10M9S,hd,false,none,Power BI|SQL|AI|Pandas|Data Analytics,34271,376,282,0,SYNTHETIC_SAMPLE
JAMNXy6tLBK,Learn Machine Learning the Right Way,[SYNTHETIC] Learn Machine Learning the Right Way — sample description for demo purposes.,UC_TECH001,TechInsights,2022-04-04T13:32:54Z,27,PT10M11S,hd,true,none,NumPy|SQL|Excel,12563,200,51,0,SYNTHETIC_SAMPLE
soTSDR7YOQ7,How to Master Visualization in 2024,[SYNTHETIC] How to Master Visualization in 2024 — sample description for demo purposes.,UC_LEAI004,LearnWithAI,2023-10-23T10:19:46Z,27,PT11M58S,hd,true,none,NumPy|Machine Learning|SQL,70633,2933,643,0,SYNTHETIC_SAMPLE
DtzrICM4VMb,I Tried Data Science for 30 Days — Here's What Happened,[SYNTHETIC] I Tried Data Science for 30 Days — Here's What Happened — sample description for demo purposes.,UC_TECH001,TechInsights,2022-12-22T14:55:14Z,27,PT14M42S,hd,false,none,Excel|ETL,24318,1811,167,0,SYNTHETIC_SAMPLE
AugkAFQzWcf,I Tried Excel for 30 Days — Here's What Happened,[SYNTHETIC] I Tried Excel for 30 Days — Here's What Happened — sample description for demo purposes.,UC_SQLE008,SQLExpert,2023-01-28T02:06:40Z,22,PT13M23S,sd,true,none,Dashboard|Python|Data Engineering|Tableau|Visualization,8455,658,61,0,SYNTHETIC_SAMPLE
ris4FbOZTta,I Tried Statistics for 30 Days — Here's What Happened,[SYNTHETIC] I Tried Statistics for 30 Days — Here's What Happened — sample description for demo purposes.,UC_LEAI004,LearnWithAI,2023-09-26T18:59:43Z,25,PT57M42S,hd,true,none,Data Engineering|Power BI,21859,894,27,0,SYNTHETIC_SAMPLE
pJy6G43rYA7,Data Science vs Everything — Which is Best?,[SYNTHETIC] Data Science vs Everything — Which is Best? — sample description for demo purposes.,UC_CODE003,CodeMaster,2024-02-28T17:49:57Z,24,PT12M5S,sd,true,none,Data Science|ETL|Machine Learning|Pandas,184650,12635,2716,0,SYNTHETIC_SAMPLE
mSKoXcVTZyQ,Business Intelligence vs Everything — Which is Best?,[SYNTHETIC] Business Intelligence vs Everything — Which is Best? — sample description for demo purposes.,UC_SQLE008,SQLExpert,2024-10-09T21:01:48Z,22,PT40M46S,hd,false,none,Machine Learning|Dashboard,11807,494,60,0,SYNTHETIC_SAMPLE
3_eYqNzfvRI,How to Master Data Engineering in 2024,[SYNTHETIC] How to Master Data Engineering in 2024 — sample description for demo purposes.,UC_PYTH006,PythonPro,2023-05-07T21:59:00Z,28,PT12M47S,sd,true,none,Pandas|Data Science,7026,77,18,0,SYNTHETIC_SAMPLE
5cYsxjHKYkf,How to Master Deep Learning in 2024,[SYNTHETIC] How to Master Deep Learning in 2024 — sample description for demo purposes.,UC_LEAI004,LearnWithAI,2023-08-18T06:17:06Z,28,PT21M52S,hd,false,none,Pandas|Data Engineering|NumPy,120749,4957,1275,0,SYNTHETIC_SAMPLE
CwLOBq2myEp,Advanced Python Techniques,[SYNTHETIC] Advanced Python Techniques — sample description for demo purposes.,UC_SQLE008,SQLExpert,2024-06-07T10:49:24Z,22,PT34M39S,sd,false,none,Python|AI|NumPy|Visualization,2772,159,7,0,SYNTHETIC_SAMPLE
ZomqWXRigOc,ETL Project Ideas for Your Resume,[SYNTHETIC] ETL Project Ideas for Your Resume — sample description for demo purposes.,UC_TECH001,TechInsights,2023-11-16T19:04:47Z,25,PT34M33S,hd,false,none,SQL|Data Science|Business Intelligence,64242,4130,246,0,SYNTHETIC_SAMPLE
1q0EZVvh9j9,Complete Tableau Course — Zero to Hero,[SYNTHETIC] Complete Tableau Course — Zero to Hero — sample description for demo purposes.,UC_BIZA007,BizAnalyst,2024-11-16T15:10:33Z,27,PT39M59S,sd,false,none,AI|Python,1713,80,23,0,SYNTHETIC_SAMPLE
8gob4J6oe06,Build a Power BI Dashboard from Scratch,[SYNTHETIC] Build a Power BI Dashboard from Scratch — sample description for demo purposes.,UC_ANAL005,AnalyticsHub,2023-04-15T10:27:58Z,25,PT9M28S,sd,true,none,Data Analytics|Visualization|Data Science,3047,155,37,0,SYNTHETIC_SAMPLE
8SILU4P1N8r,Top 10 Power BI Tips and Tricks,[SYNTHETIC] Top 10 Power BI Tips and Tricks — sample description for demo purposes.,UC_SQLE008,SQLExpert,2024-12-08T07:31:42Z,28,PT24M16S,sd,true,none,Data Engineering|Pandas|Statistics|Data Analytics|Business Intelligence,15197,565,89,0,SYNTHETIC_SAMPLE
0fnO_dv-Yn1,Statistics Tutorial for Beginners,[SYNTHETIC] Statistics Tutorial for Beginners — sample description for demo purposes.,UC_PYTH006,PythonPro,2024-05-10T22:21:50Z,25,PT8M14S,hd,true,none,Business Intelligence|Machine Learning|Python,60644,4716,864,0,SYNTHETIC_SAMPLE
iwYLbqiAheC,Machine Learning vs Everything — Which is Best?,[SYNTHETIC] Machine Learning vs Everything — Which is Best? — sample description for demo purposes.,UC_ANAL005,AnalyticsHub,2023-07-17T09:47:28Z,27,PT7M58S,hd,false,none,Data Analytics|Dashboard|Data Science,18424,326,240,0,SYNTHETIC_SAMPLE
6efMerOJu-H,Build a Data Analytics Dashboard from Scratch,[SYNTHETIC] Build a Data Analytics Dashboard from Scratch — sample description for demo purposes.,UC_SQLE008,SQLExpert,2023-12-06T19:44:12Z,28,PT44M7S,sd,true,none,Visualization|Tableau,10445,606,79,0,SYNTHETIC_SAMPLE
uuq9REffBVx,Pandas Full Project Walkthrough,[SYNTHETIC] Pandas Full Project Walkthrough — sample description for demo purposes.,UC_BIZA007,BizAnalyst,2022-07-22T03:03:20Z,24,PT12M44S,hd,false,none,Deep Learning|Statistics,12541,475,138,0,SYNTHETIC_SAMPLE
Qog2xWKZ2_0,I Tried Data Science for 30 Days — Here's What Happened,[SYNTHETIC] I Tried Data Science for 30 Days — Here's What Happened — sample description for demo purposes.,UC_BIZA007,BizAnalyst,2024-08-11T03:40:11Z,28,PT6M46S,hd,false,none,Excel|NumPy,3053,154,10,0,SYNTHETIC_SAMPLE
jObVnAvxUXK,Statistics Tutorial for Beginners,[SYNTHETIC] Statistics Tutorial for Beginners — sample description for demo purposes.,UC_ANAL005,AnalyticsHub,2022-05-12T23:25:40Z,22,PT7M26S,hd,true,none,Data Analytics|SQL|NumPy,6323,313,39,0,SYNTHETIC_SAMPLE
whRLHto-dn8,I Tried ETL for 30 Days — Here's What Happened,[SYNTHETIC] I Tried ETL for 30 Days — Here's What Happened — sample description for demo purposes.,UC_SQLE008,SQLExpert,2022-08-02T04:29:03Z,24,PT9M39S,sd,false,none,Power BI|Python|ETL|Statistics,6904,173,54,0,SYNTHETIC_SAMPLE
Ze3cb63KKTA,Machine Learning Full Project Walkthrough,[SYNTHETIC] Machine Learning Full Project Walkthrough — sample description for demo purposes.,UC_BIZA007,BizAnalyst,2022-06-28T21:58:28Z,27,PT8M55S,sd,true,none,Excel|Data Engineering|Statistics|Data Analytics,64002,2881,805,0,SYNTHETIC_SAMPLE
VoXeOHmXw9P,Pandas Full Project Walkthrough,[SYNTHETIC] Pandas Full Project Walkthrough — sample description for demo purposes.,UC_BIZA007,BizAnalyst,2022-08-18T10:16:34Z,28,PT13M56S,hd,true,none,NumPy|Tableau|Excel,27186,421,356,0,SYNTHETIC_SAMPLE
C7KON3OjeCt,Learn Excel the Right Way,[SYNTHETIC] Learn Excel the Right Way — sample description for demo purposes.,UC_CODE003,CodeMaster,2023-03-03T16:34:35Z,28,PT12M55S,hd,false,none,Data Science|Data Engineering,2411,151,27,0,SYNTHETIC_SAMPLE
fMyL9Vc6KmM,Why Data Analytics is the Future of Tech,[SYNTHETIC] Why Data Analytics is the Future of Tech — sample description for demo purposes.,UC_SQLE008,SQLExpert,2024-02-18T20:19:40Z,28,PT20M15S,hd,true,none,Power BI|Business Intelligence|SQL|NumPy|Dashboard,17704,975,259,0,SYNTHETIC_SAMPLE
x6yXRdOvvJy,Pandas Interview Questions and Answers,[SYNTHETIC] Pandas Interview Questions and Answers — sample description for demo purposes.,UC_CODE003,CodeMaster,2023-01-27T11:05:01Z,28,PT12M29S,hd,false,none,Machine Learning|Statistics,12599,588,117,0,SYNTHETIC_SAMPLE
Y0Q1VRHPBxx,I Tried Machine Learning for 30 Days — Here's What Happened,[SYNTHETIC] I Tried Machine Learning for 30 Days — Here's What Happened — sample description for demo purposes.,UC_ANAL005,AnalyticsHub,2022-10-08T00:41:19Z,24,PT6M26S,hd,false,none,Tableau|Pandas|Machine Learning|SQL|Data Analytics,6657,210,39,0,SYNTHETIC_SAMPLE
Xiyk1XZkCAR,Learn Dashboard the Right Way,[SYNTHETIC] Learn Dashboard the Right Way — sample description for demo purposes.,UC_ANAL005,AnalyticsHub,2023-01-04T23:46:03Z,28,PT13M59S,sd,false,none,Pandas|Visualization|Data Science|AI|Data Engineering,31251,395,168,0,SYNTHETIC_SAMPLE
yH90ZiqP3Jg,The Ultimate Statistics Guide,[SYNTHETIC] The Ultimate Statistics Guide — sample description for demo purposes.,UC_SQLE008,SQLExpert,2024-03-12T10:29:45Z,27,PT45M5S,hd,false,none,Excel|NumPy,41351,1749,189,0,SYNTHETIC_SAMPLE
7AzxyfougTv,Machine Learning Project Ideas for Your Resume,[SYNTHETIC] Machine Learning Project Ideas for Your Resume — sample description for demo purposes.,UC_SQLE008,SQLExpert,2022-08-15T21:06:46Z,25,PT8M47S,hd,true,none,ETL|Machine Learning|Visualization|Pandas,36687,2464,488,0,SYNTHETIC_SAMPLE
HhstdAYDh5M,Python Explained in 10 Minutes,[SYNTHETIC] Python Explained in 10 Minutes — sample description for demo purposes.,UC_TECH001,TechInsights,2022-01-26T12:45:15Z,28,PT7M33S,hd,true,none,Deep Learning|Python|Statistics|Power BI,18264,884,201,0,SYNTHETIC_SAMPLE
YGb3cyxVwep,SQL vs Everything — Which is Best?,[SYNTHETIC] SQL vs Everything — Which is Best? — sample description for demo purposes.,UC_BIZA007,BizAnalyst,2024-10-17T18:37:39Z,27,PT19M38S,hd,false,none,Data Analytics|Statistics|Business Intelligence,12420,953,104,0,SYNTHETIC_SAMPLE
Dscmc7G-IqW,The Ultimate ETL Guide,[SYNTHETIC] The Ultimate ETL Guide — sample description for demo purposes.,UC_CODE003,CodeMaster,2022-10-24T20:51:08Z,24,PT7M18S,sd,false,none,Business Intelligence|NumPy,29762,429,349,0,SYNTHETIC_SAMPLE
_FF7HZUfM0I,Advanced Deep Learning Techniques,[SYNTHETIC] Advanced Deep Learning Techniques — sample description for demo purposes.,UC_DATA002,DataDriven,2023-05-14T23:37:48Z,22,PT12M30S,hd,true,none,Data Science|Visualization|Data Engineering|Dashboard,96723,7024,590,0,SYNTHETIC_SAMPLE
OYdQzGVkb2R,Why Data Engineering is the Future of Tech,[SYNTHETIC] Why Data Engineering is the Future of Tech — sample description for demo purposes.,UC_BIZA007,BizAnalyst,2023-11-12T16:16:01Z,27,PT11M1S,hd,true,none,Pandas|Statistics,10128,537,68,0,SYNTHETIC_SAMPLE
WKHzPphVFyJ,I Tried Data Analytics for 30 Days — Here's What Happened,[SYNTHETIC] I Tried Data Analytics for 30 Days — Here's What Happened — sample description for demo purposes.,UC_PYTH006,PythonPro,2023-02-11T15:44:30Z,24,PT12M40S,sd,false,none,Data Science|ETL|Tableau,20007,1528,117,0,SYNTHETIC_SAMPLE
9-QTJstkTSl,Build a SQL Dashboard from Scratch,[SYNTHETIC] Build a SQL Dashboard from Scratch — sample description for demo purposes.,UC_DATA002,DataDriven,2023-07-16T13:24:19Z,27,PT12M35S,hd,true,none,Machine Learning|Pandas|ETL,7953,634,97,0,SYNTHETIC_SAMPLE
ezTEAAKiueD,I Tried Visualization for 30 Days — Here's What Happened,[SYNTHETIC] I Tried Visualization for 30 Days — Here's What Happened — sample description for demo purposes.,UC_TECH001,TechInsights,2024-03-14T16:34:45Z,22,PT14M24S,sd,true,none,Machine Learning|Deep Learning|Data Analytics,11900,227,158,0,SYNTHETIC_SAMPLE
8Hsfm9rONfP,Machine Learning Explained in 10 Minutes,[SYNTHETIC] Machine Learning Explained in 10 Minutes — sample description for demo purposes.,UC_DATA002,DataDriven,2024-07-08T08:13:04Z,25,PT10M30S,hd,true,none,Data Analytics|Python|SQL|Dashboard,79537,5999,299,0,SYNTHETIC_SAMPLE
PtpZzDSkADv,I Tried Deep Learning for 30 Days — Here's What Happened,[SYNTHETIC] I Tried Deep Learning for 30 Days — Here's What Happened — sample description for demo purposes.,UC_ANAL005,AnalyticsHub,2022-08-12T04:21:25Z,27,PT13M29S,sd,false,none,AI|Machine Learning|Statistics|NumPy,76366,5515,642,0,SYNTHETIC_SAMPLE
syNp3kuKuWF,Build a Pandas Dashboard from Scratch,[SYNTHETIC] Build a Pandas Dashboard from Scratch — sample description for demo purposes.,UC_DATA002,DataDriven,2024-03-10T14:19:58Z,22,PT2M55S,sd,false,none,ETL|Python|SQL|Tableau,27516,752,52,0,SYNTHETIC_SAMPLE
1Rsagiqxzcd,I Tried Tableau for 30 Days — Here's What Happened,[SYNTHETIC] I Tried Tableau for 30 Days — Here's What Happened — sample description for demo purposes.,UC_SQLE008,SQLExpert,2024-05-22T18:03:03Z,27,PT5M51S,hd,false,none,SQL|AI|Data Engineering|Dashboard,40010,1188,366,0,SYNTHETIC_SAMPLE
JxjMzccTZHj,Complete Power BI Course — Zero to Hero,[SYNTHETIC] Complete Power BI Course — Zero to Hero — sample description for demo purposes.,UC_ANAL005,AnalyticsHub,2024-03-11T19:26:48Z,25,PT41M54S,hd,false,none,Excel|AI|Data Science|ETL,23150,836,342,0,SYNTHETIC_SAMPLE
xR_LYUSbE9Y,Dashboard vs Everything — Which is Best?,[SYNTHETIC] Dashboard vs Everything — Which is Best? — sample description for demo purposes.,UC_PYTH006,PythonPro,2024-06-17T15:05:10Z,25,PT14M36S,hd,true,none,Excel|Dashboard|AI|SQL|Deep Learning,11527,357,142,0,SYNTHETIC_SAMPLE
nGNE2UTHJ-E,Top 10 Power BI Tips and Tricks,[SYNTHETIC] Top 10 Power BI Tips and Tricks — sample description for demo purposes.,UC_LEAI004,LearnWithAI,2023-08-09T09:02:45Z,28,PT2M20S,sd,true,none,Visualization|Business Intelligence|Statistics|Dashboard|AI,69431,2729,450,0,SYNTHETIC_SAMPLE
_tsnTuw7Yrh,Top 10 ETL Tips and Tricks,[SYNTHETIC] Top 10 ETL Tips and Tricks — sample description for demo purposes.,UC_ANAL005,AnalyticsHub,2024-11-17T02:18:20Z,25,PT34M3S,sd,false,none,Machine Learning|Data Science|Data Analytics|Visualization,94982,4660,357,0,SYNTHETIC_SAMPLE
rJrgVpd5oog,The Ultimate Data Engineering Guide,[SYNTHETIC] The Ultimate Data Engineering Guide — sample description for demo purposes.,UC_DATA002,DataDriven,2023-05-29T02:14:19Z,22,PT13M10S,sd,true,none,Python|Excel|Deep Learning,28737,717,359,0,SYNTHETIC_SAMPLE
XPoV2c6A17c,Learn Tableau the Right Way,[SYNTHETIC] Learn Tableau the Right Way — sample description for demo purposes.,UC_SQLE008,SQLExpert,2023-09-09T17:01:49Z,24,PT36M56S,sd,true,none,Data Analytics|Python|Data Science|ETL,78451,2351,106,0,SYNTHETIC_SAMPLE
iGrZvUPTavs,Build a Data Science Dashboard from Scratch,[SYNTHETIC] Build a Data Science Dashboard from Scratch — sample description for demo purposes.,UC_DATA002,DataDriven,2024-11-13T15:29:48Z,22,PT52M6S,hd,true,none,Deep Learning|Dashboard|Business Intelligence|Data Analytics|Tableau,1293,60,17,0,SYNTHETIC_SAMPLE
CrvLKqxpQDk,Build a Machine Learning Dashboard from Scratch,[SYNTHETIC] Build a Machine Learning Dashboard from Scratch — sample description for demo purposes.,UC_DATA002,DataDriven,2024-12-01T18:40:42Z,27,PT9M14S,sd,true,none,Statistics|Pandas|Dashboard|SQL,80437,842,487,0,SYNTHETIC_SAMPLE
EIQnpW3fCTe,Data Engineering Interview Questions and Answers,[SYNTHETIC] Data Engineering Interview Questions and Answers — sample description for demo purposes.,UC_SQLE008,SQLExpert,2024-05-26T09:44:04Z,27,PT40M31S,hd,true,none,Visualization|Machine Learning|Excel,13321,520,112,0,SYNTHETIC_SAMPLE
CdiAKJRtbqa,How to Master Data Engineering in 2024,[SYNTHETIC] How to Master Data Engineering in 2024 — sample description for demo purposes.,UC_PYTH006,PythonPro,2022-12-05T11:56:58Z,25,PT14M57S,hd,true,none,Statistics|SQL|Data Analytics|Data Engineering|ETL,17462,772,236,0,SYNTHETIC_SAMPLE
PA-y36yRQIP,Data Science Full Project Walkthrough,[SYNTHETIC] Data Science Full Project Walkthrough — sample description for demo purposes.,UC_SQLE008,SQLExpert,2023-06-25T05:48:04Z,28,PT7M18S,hd,true,none,Dashboard|Machine Learning|Pandas|Deep Learning|Python,13396,852,196,0,SYNTHETIC_SAMPLE
pwr7UhZAX4b,The Ultimate Data Engineering Guide,[SYNTHETIC] The Ultimate Data Engineering Guide — sample description for demo purposes.,UC_TECH001,TechInsights,2022-11-17T03:16:47Z,22,PT12M14S,hd,true,none,Data Engineering|Data Analytics,4604,217,57,0,SYNTHETIC_SAMPLE
i-o6KKX0p4-,Build a AI Dashboard from Scratch,[SYNTHETIC] Build a AI Dashboard from Scratch — sample description for demo purposes.,UC_LEAI004,LearnWithAI,2024-03-20T17:38:52Z,28,PT8M42S,hd,false,none,NumPy|Data Analytics|Excel|Business Intelligence,34572,2171,406,0,SYNTHETIC_SAMPLE
uAjyWE2tTZ6,ETL Tutorial for Beginners,[SYNTHETIC] ETL Tutorial for Beginners — sample description for demo purposes.,UC_BIZA007,BizAnalyst,2024-05-23T15:16:04Z,25,PT58M56S,sd,false,none,AI|Pandas|NumPy,27630,1574,328,0,SYNTHETIC_SAMPLE
mrRM3mWUJE3,Advanced SQL Techniques,[SYNTHETIC] Advanced SQL Techniques — sample description for demo purposes.,UC_LEAI004,LearnWithAI,2023-06-02T05:48:33Z,22,PT11M19S,sd,true,none,Tableau|Power BI|ETL,265107,4366,2917,0,SYNTHETIC_SAMPLE
DPtx4DZUWun,Tableau Full Project Walkthrough,[SYNTHETIC] Tableau Full Project Walkthrough — sample description for demo purposes.,UC_LEAI004,LearnWithAI,2023-05-02T02:34:42Z,25,PT52M42S,sd,true,none,Machine Learning|Python|NumPy,24160,785,111,0,SYNTHETIC_SAMPLE
J8vWFUVDUwi,Top 10 Machine Learning Tips and Tricks,[SYNTHETIC] Top 10 Machine Learning Tips and Tricks — sample description for demo purposes.,UC_BIZA007,BizAnalyst,2024-04-29T00:43:26Z,22,PT11M28S,sd,true,none,Dashboard|Data Analytics,6822,340,27,0,SYNTHETIC_SAMPLE
aGxNQNEFaJa,Python Full Project Walkthrough,[SYNTHETIC] Python Full Project Walkthrough — sample description for demo purposes.,UC_DATA002,DataDriven,2024-04-02T10:07:13Z,28,PT3M41S,sd,false,none,Dashboard|Deep Learning,16429,430,176,0,SYNTHETIC_SAMPLE
wYf9DpSt0f-,Power BI vs Everything — Which is Best?,[SYNTHETIC] Power BI vs Everything — Which is Best? — sample description for demo purposes.,UC_CODE003,CodeMaster,2024-10-06T13:49:16Z,28,PT1M49S,hd,true,none,AI|Visualization|ETL|Python|Business Intelligence,59992,3202,249,0,SYNTHETIC_SAMPLE
2gHcn34Ece7,Build a SQL Dashboard from Scratch,[SYNTHETIC] Build a SQL Dashboard from Scratch — sample description for demo purposes.,UC_TECH001,TechInsights,2024-04-23T13:39:06Z,27,PT59M2S,hd,true,none,Python|Tableau|Machine Learning|AI,74182,4814,645,0,SYNTHETIC_SAMPLE
5vWi-UG_dB1,Complete Data Science Course — Zero to Hero,[SYNTHETIC] Complete Data Science Course — Zero to Hero — sample description for demo purposes.,UC_BIZA007,BizAnalyst,2023-06-14T02:13:04Z,28,PT14M40S,sd,false,none,NumPy|Data Engineering,9532,652,58,0,SYNTHETIC_SAMPLE
yXsperyYjyx,Statistics vs Everything — Which is Best?,[SYNTHETIC] Statistics vs Everything — Which is Best? — sample description for demo purposes.,UC_SQLE008,SQLExpert,2022-05-23T04:07:44Z,27,PT44M29S,hd,false,none,Statistics|NumPy|Power BI|SQL|Data Analytics,22216,511,199,0,SYNTHETIC_SAMPLE
JMY3aAXUJ-p,Data Engineering vs Everything — Which is Best?,[SYNTHETIC] Data Engineering vs Everything — Which is Best? — sample description for demo purposes.,UC_CODE003,CodeMaster,2024-03-20T12:11:06Z,24,PT11M57S,hd,false,none,Machine Learning|NumPy|Data Science,22470,387,40,0,SYNTHETIC_SAMPLE
eqpOMmgt8vN,How to Master Machine Learning in 2024,[SYNTHETIC] How to Master Machine Learning in 2024 — sample description for demo purposes.,UC_ANAL005,AnalyticsHub,2023-05-27T22:12:20Z,24,PT9M42S,sd,false,none,Machine Learning|Data Science|Business Intelligence|Dashboard|Statistics,47962,1893,360,0,SYNTHETIC_SAMPLE
FKpy0zhKLIR,Complete Business Intelligence Course — Zero to Hero,[SYNTHETIC] Complete Business Intelligence Course — Zero to Hero — sample description for demo purposes.,UC_LEAI004,LearnWithAI,2024-05-04T13:10:59Z,24,PT36M48S,hd,false,none,Data Engineering|Data Science|SQL,19379,589,204,0,SYNTHETIC_SAMPLE
Ye-EzG6SIYx,The Ultimate Machine Learning Guide,[SYNTHETIC] The Ultimate Machine Learning Guide — sample description for demo purposes.,UC_BIZA007,BizAnalyst,2024-04-14T01:18:21Z,24,PT9M18S,hd,true,none,Statistics|Excel|Data Analytics,12148,681,132,0,SYNTHETIC_SAMPLE
JSoxDRSj-Es,How to Master Deep Learning in 2024,[SYNTHETIC] How to Master Deep Learning in 2024 — sample description for demo purposes.,UC_BIZA007,BizAnalyst,2022-05-14T08:53:56Z,22,PT2M6S,hd,true,none,Data Science|Business Intelligence|Data Engineering|AI,11244,287,127,0,SYNTHETIC_SAMPLE
ecTbvgZ7VHJ,Why ETL is the Future of Tech,[SYNTHETIC] Why ETL is the Future of Tech — sample description for demo purposes.,UC_LEAI004,LearnWithAI,2023-05-30T04:11:19Z,25,PT12M28S,sd,false,none,AI|Excel|Dashboard,7771,470,54,0,SYNTHETIC_SAMPLE
anrTYKZIxmh,Python Interview Questions and Answers,[SYNTHETIC] Python Interview Questions and Answers — sample description for demo purposes.,UC_BIZA007,BizAnalyst,2024-11-07T21:33:41Z,24,PT8M22S,sd,false,none,AI|Power BI|Statistics|Excel|Deep Learning,25680,1064,172,0,SYNTHETIC_SAMPLE
RuphxjyMKBF,Excel Project Ideas for Your Resume,[SYNTHETIC] Excel Project Ideas for Your Resume — sample description for demo purposes.,UC_SQLE008,SQLExpert,2024-04-14T18:57:04Z,25,PT10M4S,hd,true,none,Data Science|Machine Learning|Excel|ETL|Deep Learning,16414,1219,148,0,SYNTHETIC_SAMPLE
yJPAFTCkKYo,Data Analytics Project Ideas for Your Resume,[SYNTHETIC] Data Analytics Project Ideas for Your Resume — sample description for demo purposes.,UC_SQLE008,SQLExpert,2022-02-20T18:57:40Z,25,PT5M9S,sd,true,none,Excel|Data Engineering|ETL|NumPy,12073,530,40,0,SYNTHETIC_SAMPLE
WCnBVPp3cq3,Power BI Explained in 10 Minutes,[SYNTHETIC] Power BI Explained in 10 Minutes — sample description for demo purposes.,UC_DATA002,DataDriven,2022-05-16T02:57:41Z,25,PT40M3S,sd,true,none,Tableau|Statistics|Deep Learning,22639,1085,259,0,SYNTHETIC_SAMPLE
IMk_sK8G50i,Learn Machine Learning the Right Way,[SYNTHETIC] Learn Machine Learning the Right Way — sample description for demo purposes.,UC_CODE003,CodeMaster,2023-10-02T09:25:09Z,25,PT8M31S,hd,false,none,Machine Learning|Pandas|Visualization,3659,242,32,0,SYNTHETIC_SAMPLE
CO4fGr7x8ua,Build a AI Dashboard from Scratch,[SYNTHETIC] Build a AI Dashboard from Scratch — sample description for demo purposes.,UC_PYTH006,PythonPro,2022-05-25T16:34:21Z,27,PT3M41S,sd,false,none,Visualization|AI,15091,434,98,0,SYNTHETIC_SAMPLE
KFvRdgYDh2C,Build a Tableau Dashboard from Scratch,[SYNTHETIC] Build a Tableau Dashboard from Scratch — sample description for demo purposes.,UC_LEAI004,LearnWithAI,2022-01-02T01:12:01Z,24,PT9M50S,sd,true,none,Data Science|Excel|NumPy,29826,1003,264,0,SYNTHETIC_SAMPLE
UWBfgneLHCa,How to Master NumPy in 2024,[SYNTHETIC] How to Master NumPy in 2024 — sample description for demo purposes.,UC_DATA002,DataDriven,2023-06-18T17:22:21Z,22,PT7M49S,hd,false,none,ETL|SQL|Pandas,11455,156,109,0,SYNTHETIC_SAMPLE
Wi-jHaPCUOj,How to Master Power BI in 2024,[SYNTHETIC] How to Master Power BI in 2024 — sample description for demo purposes.,UC_BIZA007,BizAnalyst,2023-10-02T13:39:26Z,28,PT10M6S,sd,true,none,Power BI|Machine Learning,14832,290,173,0,SYNTHETIC_SAMPLE
PpMUs8b24nM,Why AI is the Future of Tech,[SYNTHETIC] Why AI is the Future of Tech — sample description for demo purposes.,UC_DATA002,DataDriven,2022-10-21T01:15:07Z,25,PT36M29S,sd,false,none,Pandas|ETL,48718,3184,199,0,SYNTHETIC_SAMPLE
-7i3KxRW9Xb,Build a Pandas Dashboard from Scratch,[SYNTHETIC] Build a Pandas Dashboard from Scratch — sample description for demo purposes.,UC_BIZA007,BizAnalyst,2022-04-15T21:47:48Z,28,PT6M12S,hd,false,none,Data Analytics|Visualization|AI,173087,8131,2540,0,SYNTHETIC_SAMPLE
jff6_juLWPP,Deep Learning Full Project Walkthrough,[SYNTHETIC] Deep Learning Full Project Walkthrough — sample description for demo purposes.,UC_ANAL005,AnalyticsHub,2023-04-27T19:57:24Z,25,PT6M24S,sd,true,none,Pandas|SQL,18495,1014,153,0,SYNTHETIC_SAMPLE
laiaFwH0qxV,I Tried Data Engineering for 30 Days — Here's What Happened,[SYNTHETIC] I Tried Data Engineering for 30 Days — Here's What Happened — sample description for demo purposes.,UC_BIZA007,BizAnalyst,2023-02-22T12:15:58Z,28,PT10M16S,hd,true,none,Deep Learning|NumPy|SQL|Machine Learning,24518,1388,246,0,SYNTHETIC_SAMPLE
kX5RhVa2acx,Data Engineering vs Everything — Which is Best?,[SYNTHETIC] Data Engineering vs Everything — Which is Best? — sample description for demo purposes.,UC_DATA002,DataDriven,2022-08-22T03:33:43Z,24,PT13M31S,hd,true,none,Pandas|Business Intelligence|Visualization|Tableau|Statistics,27436,1924,80,0,SYNTHETIC_SAMPLE
oHcz43XtfDx,I Tried SQL for 30 Days — Here's What Happened,[SYNTHETIC] I Tried SQL for 30 Days — Here's What Happened — sample description for demo purposes.,UC_PYTH006,PythonPro,2023-03-29T23:27:10Z,22,PT13M34S,sd,true,none,Statistics|ETL|Tableau|Visualization|NumPy,2500,142,3,0,SYNTHETIC_SAMPLE
SavWyVtn_A9,Advanced Python Techniques,[SYNTHETIC] Advanced Python Techniques — sample description for demo purposes.,UC_LEAI004,LearnWithAI,2022-08-10T04:04:05Z,27,PT8M58S,sd,true,none,Pandas|Dashboard,43590,2088,423,0,SYNTHETIC_SAMPLE
zLdQis27z1u,Data Engineering Interview Questions and Answers,[SYNTHETIC] Data Engineering Interview Questions and Answers — sample description for demo purposes.,UC_BIZA007,BizAnalyst,2023-12-05T08:02:10Z,22,PT1M24S,sd,true,none,Tableau|Machine Learning,19349,878,188,0,SYNTHETIC_SAMPLE
9ntqhkR0Sc1,Complete Power BI Course — Zero to Hero,[SYNTHETIC] Complete Power BI Course — Zero to Hero — sample description for demo purposes.,UC_DATA002,DataDriven,2023-05-25T05:02:00Z,27,PT10M21S,hd,true,none,Statistics|AI|Data Analytics,576564,22172,4768,0,SYNTHETIC_SAMPLE
ggYhdXomzR8,Excel Tutorial for Beginners,[SYNTHETIC] Excel Tutorial for Beginners — sample description for demo purposes.,UC_ANAL005,AnalyticsHub,2022-05-11T13:13:00Z,22,PT45M53S,sd,true,none,SQL|Tableau,11908,582,100,0,SYNTHETIC_SAMPLE
d7BUFyBw6rC,Advanced SQL Techniques,[SYNTHETIC] Advanced SQL Techniques — sample description for demo purposes.,UC_SQLE008,SQLExpert,2022-08-19T21:22:50Z,27,PT37M39S,hd,true,none,ETL|Deep Learning|Visualization|Python,17231,320,244,0,SYNTHETIC_SAMPLE
IbyTEYwKurb,Complete AI Course — Zero to Hero,[SYNTHETIC] Complete AI Course — Zero to Hero — sample description for demo purposes.,UC_DATA002,DataDriven,2024-07-16T14:06:40Z,22,PT13M58S,hd,true,none,Data Analytics|ETL|Statistics|AI,28776,789,429,0,SYNTHETIC_SAMPLE
VW8K_y7-lpu,Top 10 Power BI Tips and Tricks,[SYNTHETIC] Top 10 Power BI Tips and Tricks — sample description for demo purposes.,UC_LEAI004,LearnWithAI,2024-12-19T17:24:12Z,27,PT9M32S,sd,true,none,Machine Learning|Tableau|ETL|NumPy,11070,524,132,0,SYNTHETIC_SAMPLE
EvNZvlZ3djT,ETL Tutorial for Beginners,[SYNTHETIC] ETL Tutorial for Beginners — sample description for demo purposes.,UC_ANAL005,AnalyticsHub,2022-08-09T01:11:38Z,27,PT1M59S,hd,false,none,Statistics|AI,59112,3080,46,0,SYNTHETIC_SAMPLE
OFuTJ4NwQ0y,Why Data Science is the Future of Tech,[SYNTHETIC] Why Data Science is the Future of Tech — sample description for demo purposes.,UC_DATA002,DataDriven,2024-12-05T13:04:56Z,22,PT1M40S,sd,true,none,Python|AI|Data Analytics,73959,4531,505,0,SYNTHETIC_SAMPLE
7jVp_k4fTO4,Advanced Business Intelligence Techniques,[SYNTHETIC] Advanced Business Intelligence Techniques — sample description for demo purposes.,UC_CODE003,CodeMaster,2023-11-25T19:34:15Z,25,PT56M45S,hd,false,none,Pandas|SQL|Statistics,51674,1315,449,0,SYNTHETIC_SAMPLE
FyIgE3PRke2,Python Tutorial for Beginners,[SYNTHETIC] Python Tutorial for Beginners — sample description for demo purposes.,UC_ANAL005,AnalyticsHub,2023-04-04T02:59:24Z,28,PT12M9S,hd,false,none,Power BI|SQL|Business Intelligence|Dashboard,5036,391,67,0,SYNTHETIC_SAMPLE
5TBPMBdv_AJ,SQL vs Everything — Which is Best?,[SYNTHETIC] SQL vs Everything — Which is Best? — sample description for demo purposes.,UC_BIZA007,BizAnalyst,2024-04-19T01:20:08Z,27,PT21M22S,sd,false,none,Pandas|Power BI|Data Analytics|Tableau,96904,3261,1432,0,SYNTHETIC_SAMPLE
Mmbksf2tzFQ,Why Data Analytics is the Future of Tech,[SYNTHETIC] Why Data Analytics is the Future of Tech — sample description for demo purposes.,UC_SQLE008,SQLExpert,2022-05-22T13:49:44Z,27,PT1M22S,sd,true,none,AI|Statistics|Excel|Pandas,2231,68,22,0,SYNTHETIC_SAMPLE
SgQZAWodyH9,Build a Data Engineering Dashboard from Scratch,[SYNTHETIC] Build a Data Engineering Dashboard from Scratch — sample description for demo purposes.,UC_TECH001,TechInsights,2024-12-03T07:44:56Z,22,PT9M35S,sd,true,none,Data Science|SQL|AI|Data Engineering|Deep Learning,101114,5004,272,0,SYNTHETIC_SAMPLE
l__ZiB-B-O1,Learn Dashboard the Right Way,[SYNTHETIC] Learn Dashboard the Right Way — sample description for demo purposes.,UC_TECH001,TechInsights,2023-02-05T14:42:01Z,25,PT7M30S,sd,true,none,AI|Visualization,692681,12758,7951,0,SYNTHETIC_SAMPLE
HAAjLW87Kgs,Build a Dashboard Dashboard from Scratch,[SYNTHETIC] Build a Dashboard Dashboard from Scratch — sample description for demo purposes.,UC_PYTH006,PythonPro,2024-04-12T01:51:48Z,22,PT15M51S,sd,false,none,AI|ETL|Dashboard|Python,7615,495,72,0,SYNTHETIC_SAMPLE
vpV65b0trFS,Complete AI Course — Zero to Hero,[SYNTHETIC] Complete AI Course — Zero to Hero — sample description for demo purposes.,UC_CODE003,CodeMaster,2022-06-02T13:48:34Z,22,PT11M51S,hd,true,none,Data Engineering|Business Intelligence|NumPy|Statistics,10136,128,135,0,SYNTHETIC_SAMPLE
30GktGi24bm,Top 10 SQL Tips and Tricks,[SYNTHETIC] Top 10 SQL Tips and Tricks — sample description for demo purposes.,UC_BIZA007,BizAnalyst,2022-11-08T19:38:11Z,25,PT11M56S,hd,true,none,Data Engineering|Data Analytics,20286,1255,233,0,SYNTHETIC_SAMPLE
RpFC9EJw1q1,Why NumPy is the Future of Tech,[SYNTHETIC] Why NumPy is the Future of Tech — sample description for demo purposes.,UC_PYTH006,PythonPro,2022-05-21T10:03:18Z,27,PT49M29S,sd,true,none,Data Analytics|Excel|Tableau|Deep Learning|Power BI,13663,516,189,0,SYNTHETIC_SAMPLE
REilZoM8TTr,The Ultimate NumPy Guide,[SYNTHETIC] The Ultimate NumPy Guide — sample description for demo purposes.,UC_LEAI004,LearnWithAI,2023-08-08T20:01:19Z,27,PT5M20S,sd,false,none,Tableau|Data Engineering|Data Science|Business Intelligence,6999,493,101,0,SYNTHETIC_SAMPLE
sREvrurP8Pm,Power BI Tutorial for Beginners,[SYNTHETIC] Power BI Tutorial for Beginners — sample description for demo purposes.,UC_BIZA007,BizAnalyst,2024-03-14T14:06:09Z,25,PT11M23S,hd,true,none,Business Intelligence|Machine Learning|Python|Visualization|Pandas,19543,963,178,0,SYNTHETIC_SAMPLE
0vTROE8wtkQ,Deep Learning Full Project Walkthrough,[SYNTHETIC] Deep Learning Full Project Walkthrough — sample description for demo purposes.,UC_ANAL005,AnalyticsHub,2024-05-17T04:59:44Z,22,PT5M36S,hd,false,none,ETL|Machine Learning,4192,213,62,0,SYNTHETIC_SAMPLE
VtYvqs2E3L8,The Ultimate Excel Guide,[SYNTHETIC] The Ultimate Excel Guide — sample description for demo purposes.,UC_ANAL005,AnalyticsHub,2022-04-21T15:06:54Z,25,PT59M41S,sd,true,none,AI|Dashboard,26479,430,149,0,SYNTHETIC_SAMPLE
-5-j3lfv-ud,Data Analytics Project Ideas for Your Resume,[SYNTHETIC] Data Analytics Project Ideas for Your Resume — sample description for demo purposes.,UC_ANAL005,AnalyticsHub,2023-12-04T05:45:57Z,24,PT24M23S,sd,true,none,Excel|ETL|SQL,4976,395,27,0,SYNTHETIC_SAMPLE
cmxau1mROpS,The Ultimate Deep Learning Guide,[SYNTHETIC] The Ultimate Deep Learning Guide — sample description for demo purposes.,UC_CODE003,CodeMaster,2023-06-19T22:17:24Z,25,PT12M19S,sd,true,none,AI|Dashboard,128464,9965,778,0,SYNTHETIC_SAMPLE
HBRi-FWk6Zb,SQL Project Ideas for Your Resume,[SYNTHETIC] SQL Project Ideas for Your Resume — sample description for demo purposes.,UC_ANAL005,AnalyticsHub,2022-12-15T11:18:23Z,27,PT2M14S,hd,true,none,Dashboard|Excel,5859,245,47,0,SYNTHETIC_SAMPLE
Mdg1dhChqSn,Data Analytics Full Project Walkthrough,[SYNTHETIC] Data Analytics Full Project Walkthrough — sample description for demo purposes.,UC_DATA002,DataDriven,2024-12-01T06:14:28Z,22,PT32M28S,hd,false,none,Power BI|Dashboard|NumPy|Data Science|Data Engineering,20383,1304,194,0,SYNTHETIC_SAMPLE
FMX1_wAkJ6S,Power BI vs Everything — Which is Best?,[SYNTHETIC] Power BI vs Everything — Which is Best? — sample description for demo purposes.,UC_CODE003,CodeMaster,2024-01-17T16:27:02Z,24,PT7M,sd,true,none,Python|SQL,53088,1581,630,0,SYNTHETIC_SAMPLE
5PD_qd032xR,Complete ETL Course — Zero to Hero,[SYNTHETIC] Complete ETL Course — Zero to Hero — sample description for demo purposes.,UC_DATA002,DataDriven,2023-10-24T18:15:08Z,25,PT49M56S,hd,true,none,Python|Machine Learning,6849,104,75,0,SYNTHETIC_SAMPLE
0lz9ry2ZPZh,Advanced Statistics Techniques,[SYNTHETIC] Advanced Statistics Techniques — sample description for demo purposes.,UC_CODE003,CodeMaster,2024-12-17T11:05:38Z,22,PT9M34S,hd,true,none,Deep Learning|ETL,26276,1878,48,0,SYNTHETIC_SAMPLE
U5EF4CePa3H,Learn AI the Right Way,[SYNTHETIC] Learn AI the Right Way — sample description for demo purposes.,UC_SQLE008,SQLExpert,2024-06-14T19:01:59Z,27,PT5M29S,hd,false,none,Deep Learning|Pandas,57597,4053,763,0,SYNTHETIC_SAMPLE
a7GEFkWuvrG,Complete AI Course — Zero to Hero,[SYNTHETIC] Complete AI Course — Zero to Hero — sample description for demo purposes.,UC_SQLE008,SQLExpert,2024-05-05T03:57:44Z,22,PT53M7S,sd,false,none,SQL|Data Engineering|Dashboard,1743,126,16,0,SYNTHETIC_SAMPLE
zcJ0Y9O4JPD,Build a ETL Dashboard from Scratch,[SYNTHETIC] Build a ETL Dashboard from Scratch — sample description for demo purposes.,UC_SQLE008,SQLExpert,2023-06-14T11:57:56Z,28,PT13M29S,sd,true,none,Data Engineering|Business Intelligence|ETL,14976,931,11,0,SYNTHETIC_SAMPLE
OZJxg5F0VAq,How to Master Power BI in 2024,[SYNTHETIC] How to Master Power BI in 2024 — sample description for demo purposes.,UC_PYTH006,PythonPro,2022-11-01T08:28:54Z,24,PT30M9S,hd,true,none,Tableau|Data Engineering|Visualization|Statistics|Excel,34149,346,192,0,SYNTHETIC_SAMPLE
Q9iFHd71EG6,Advanced Data Analytics Techniques,[SYNTHETIC] Advanced Data Analytics Techniques — sample description for demo purposes.,UC_DATA002,DataDriven,2022-10-03T06:35:08Z,24,PT7M6S,hd,true,none,AI|Business Intelligence,76660,4910,539,0,SYNTHETIC_SAMPLE
iASVtS3T7Om,Pandas Explained in 10 Minutes,[SYNTHETIC] Pandas Explained in 10 Minutes — sample description for demo purposes.,UC_BIZA007,BizAnalyst,2024-08-27T14:39:15Z,24,PT10M51S,sd,false,none,Excel|Dashboard|Business Intelligence,4079,317,28,0,SYNTHETIC_SAMPLE
I4BagyddrY_,Build a Visualization Dashboard from Scratch,[SYNTHETIC] Build a Visualization Dashboard from Scratch — sample description for demo purposes.,UC_DATA002,DataDriven,2024-11-27T14:38:17Z,22,PT12M7S,sd,true,none,Data Science|Tableau,6151,351,82,0,SYNTHETIC_SAMPLE
JpYZsQ7y9_u,How to Master Data Engineering in 2024,[SYNTHETIC] How to Master Data Engineering in 2024 — sample description for demo purposes.,UC_TECH001,TechInsights,2024-05-07T16:41:49Z,22,PT14M35S,hd,true,none,Tableau|Data Engineering|Pandas|Dashboard,93536,6597,1053,0,SYNTHETIC_SAMPLE
RllGyBJiLqv,Visualization Interview Questions and Answers,[SYNTHETIC] Visualization Interview Questions and Answers — sample description for demo purposes.,UC_PYTH006,PythonPro,2022-08-29T11:34:29Z,25,PT8M18S,hd,true,none,Data Analytics|Data Science|ETL|AI,35703,1092,109,0,SYNTHETIC_SAMPLE
kIzw4Qvs8NE,Business Intelligence vs Everything — Which is Best?,[SYNTHETIC] Business Intelligence vs Everything — Which is Best? — sample description for demo purposes.,UC_PYTH006,PythonPro,2024-05-22T00:04:25Z,28,PT8M8S,hd,true,none,Data Engineering|Pandas|Dashboard|Python,33766,1568,401,0,SYNTHETIC_SAMPLE
XGGFsPufg_X,Power BI Full Project Walkthrough,[SYNTHETIC] Power BI Full Project Walkthrough — sample description for demo purposes.,UC_PYTH006,PythonPro,2024-04-08T07:21:14Z,24,PT9M49S,hd,true,none,Tableau|Deep Learning|Power BI,37887,444,302,0,SYNTHETIC_SAMPLE
DvfdYJKoqyO,The Ultimate Deep Learning Guide,[SYNTHETIC] The Ultimate Deep Learning Guide — sample description for demo purposes.,UC_LEAI004,LearnWithAI,2023-11-04T16:20:36Z,25,PT19M56S,sd,true,none,Power BI|Python|SQL|AI|Statistics,19898,1239,54,0,SYNTHETIC_SAMPLE
fWCzQEIizZI,Advanced Statistics Techniques,[SYNTHETIC] Advanced Statistics Techniques — sample description for demo purposes.,UC_TECH001,TechInsights,2024-09-11T22:56:09Z,28,PT9M56S,hd,false,none,Python|Machine Learning|Power BI|Visualization,66070,4299,321,0,SYNTHETIC_SAMPLE
5wAPGko1mlZ,AI vs Everything — Which is Best?,[SYNTHETIC] AI vs Everything — Which is Best? — sample description for demo purposes.,UC_TECH001,TechInsights,2022-03-26T11:44:34Z,25,PT6M27S,sd,true,none,SQL|NumPy|Power BI|ETL,71073,2226,806,0,SYNTHETIC_SAMPLE
5uCNtLKxuBa,Complete Statistics Course — Zero to Hero,[SYNTHETIC] Complete Statistics Course — Zero to Hero — sample description for demo purposes.,UC_SQLE008,SQLExpert,2023-01-18T10:04:27Z,22,PT9M,hd,false,none,Statistics|Machine Learning|Business Intelligence|Data Engineering,5092,86,48,0,SYNTHETIC_SAMPLE
M12iIq4eebG,Why Data Engineering is the Future of Tech,[SYNTHETIC] Why Data Engineering is the Future of Tech — sample description for demo purposes.,UC_SQLE008,SQLExpert,2022-02-18T11:00:18Z,24,PT48M15S,sd,true,none,Visualization|NumPy,112599,5474,343,0,SYNTHETIC_SAMPLE
fxap9_RWikK,Statistics Full Project Walkthrough,[SYNTHETIC] Statistics Full Project Walkthrough — sample description for demo purposes.,UC_SQLE008,SQLExpert,2024-05-28T23:01:12Z,27,PT9M57S,hd,false,none,Data Analytics|Pandas|ETL|Power BI,21189,410,164,0,SYNTHETIC_SAMPLE
y64cPg9OrVL,Top 10 Statistics Tips and Tricks,[SYNTHETIC] Top 10 Statistics Tips and Tricks — sample description for demo purposes.,UC_DATA002,DataDriven,2024-06-04T17:06:40Z,22,PT1M52S,hd,false,none,Statistics|SQL|NumPy|Tableau|Power BI,7182,332,86,0,SYNTHETIC_SAMPLE
CoGrjkM0QAv,Build a Statistics Dashboard from Scratch,[SYNTHETIC] Build a Statistics Dashboard from Scratch — sample description for demo purposes.,UC_BIZA007,BizAnalyst,2022-06-26T01:34:22Z,22,PT56M15S,sd,false,none,Tableau|Excel|Deep Learning|Python|Power BI,39576,414,525,0,SYNTHETIC_SAMPLE
k7Hz_O4U08n,Complete Excel Course — Zero to Hero,[SYNTHETIC] Complete Excel Course — Zero to Hero — sample description for demo purposes.,UC_TECH001,TechInsights,2024-07-31T04:55:27Z,27,PT5M40S,sd,false,none,Pandas|Deep Learning|Machine Learning,15524,1123,40,0,SYNTHETIC_SAMPLE
eyibH6R0Ml5,Dashboard Explained in 10 Minutes,[SYNTHETIC] Dashboard Explained in 10 Minutes — sample description for demo purposes.,UC_CODE003,CodeMaster,2024-07-20T18:40:45Z,25,PT10M50S,hd,true,none,ETL|Machine Learning,51430,3834,470,0,SYNTHETIC_SAMPLE
8EXwZ61KBqX,Dashboard Full Project Walkthrough,[SYNTHETIC] Dashboard Full Project Walkthrough — sample description for demo purposes.,UC_TECH001,TechInsights,2022-05-11T04:56:45Z,24,PT5M44S,sd,false,none,Tableau|Python|Dashboard|Data Science,200805,11814,1349,0,SYNTHETIC_SAMPLE
BLqIKN-znJJ,Python Full Project Walkthrough,[SYNTHETIC] Python Full Project Walkthrough — sample description for demo purposes.,UC_DATA002,DataDriven,2022-10-05T15:08:58Z,25,PT10M23S,sd,false,none,Data Science|Statistics|AI|Dashboard,11205,432,22,0,SYNTHETIC_SAMPLE
YZNRdyOZ0EM,Build a Pandas Dashboard from Scratch,[SYNTHETIC] Build a Pandas Dashboard from Scratch — sample description for demo purposes.,UC_CODE003,CodeMaster,2022-05-17T22:07:23Z,28,PT26M3S,hd,false,none,Statistics|SQL|Data Analytics,63547,1081,500,0,SYNTHETIC_SAMPLE
OCmQZscMHok,Dashboard Explained in 10 Minutes,[SYNTHETIC] Dashboard Explained in 10 Minutes — sample description for demo purposes.,UC_BIZA007,BizAnalyst,2022-02-26T00:27:23Z,24,PT5M58S,sd,true,none,Excel|SQL,29538,2250,366,0,SYNTHETIC_SAMPLE
T6JUJLw0o9D,The Ultimate Statistics Guide,[SYNTHETIC] The Ultimate Statistics Guide — sample description for demo purposes.,UC_ANAL005,AnalyticsHub,2023-09-20T12:35:19Z,24,PT15M,hd,false,none,Deep Learning|Dashboard|Power BI,40226,966,29,0,SYNTHETIC_SAMPLE
0KS9KXW9DDL,Why Data Science is the Future of Tech,[SYNTHETIC] Why Data Science is the Future of Tech — sample description for demo purposes.,UC_DATA002,DataDriven,2022-02-12T11:42:28Z,25,PT50M3S,sd,true,none,SQL|AI|Pandas|Business Intelligence,292173,22488,3857,0,SYNTHETIC_SAMPLE
szVvJlunKlV,Why Deep Learning is the Future of Tech,[SYNTHETIC] Why Deep Learning is the Future of Tech — sample description for demo purposes.,UC_LEAI004,LearnWithAI,2022-10-23T09:57:29Z,22,PT5M9S,sd,true,none,Pandas|NumPy|Tableau,33521,1979,144,0,SYNTHETIC_SAMPLE
f9Fa292xu54,Pandas Project Ideas for Your Resume,[SYNTHETIC] Pandas Project Ideas for Your Resume — sample description for demo purposes.,UC_LEAI004,LearnWithAI,2024-06-11T11:38:05Z,27,PT7M39S,sd,false,none,Dashboard|NumPy|AI,18213,1175,40,0,SYNTHETIC_SAMPLE
GzRl_SDSanL,Machine Learning Tutorial for Beginners,[SYNTHETIC] Machine Learning Tutorial for Beginners — sample description for demo purposes.,UC_LEAI004,LearnWithAI,2023-05-21T13:08:27Z,25,PT12M13S,sd,false,none,Visualization|NumPy|Pandas,15475,672,129,0,SYNTHETIC_SAMPLE
x2rliKogrpB,Why Business Intelligence is the Future of Tech,[SYNTHETIC] Why Business Intelligence is the Future of Tech — sample description for demo purposes.,UC_ANAL005,AnalyticsHub,2023-08-15T16:21:42Z,24,PT12M14S,hd,true,none,ETL|Python|Excel,5635,139,60,0,SYNTHETIC_SAMPLE
Fq2dgknq1gV,Advanced Machine Learning Techniques,[SYNTHETIC] Advanced Machine Learning Techniques — sample description for demo purposes.,UC_BIZA007,BizAnalyst,2023-02-08T12:53:41Z,24,PT50M18S,sd,false,none,Statistics|Python|Deep Learning|Data Analytics,16409,777,83,0,SYNTHETIC_SAMPLE
wRFV4ysOjkZ,I Tried Tableau for 30 Days — Here's What Happened,[SYNTHETIC] I Tried Tableau for 30 Days — Here's What Happened — sample description for demo purposes.,UC_PYTH006,PythonPro,2023-06-09T02:44:52Z,25,PT14M11S,sd,false,none,SQL|Excel,37647,836,444,0,SYNTHETIC_SAMPLE
4X8VHCk2ipq,Why Business Intelligence is the Future of Tech,[SYNTHETIC] Why Business Intelligence is the Future of Tech — sample description for demo purposes.,UC_PYTH006,PythonPro,2024-12-24T11:52:29Z,27,PT9M33S,hd,true,none,AI|Power BI|Dashboard,34844,1825,217,0,SYNTHETIC_SAMPLE
gNf7yoVCiHk,Visualization Tutorial for Beginners,[SYNTHETIC] Visualization Tutorial for Beginners — sample description for demo purposes.,UC_DATA002,DataDriven,2022-02-24T14:40:21Z,24,PT2M41S,sd,false,none,Data Engineering|NumPy|Visualization|SQL|Statistics,80948,3778,1209,0,SYNTHETIC_SAMPLE
I6EoftAjaHW,The Ultimate Data Engineering Guide,[SYNTHETIC] The Ultimate Data Engineering Guide — sample description for demo purposes.,UC_CODE003,CodeMaster,2022-07-31T17:38:57Z,25,PT14M37S,sd,false,none,Visualization|Python|ETL|AI|Pandas,20314,821,198,0,SYNTHETIC_SAMPLE
m4BpTP1ofOH,Learn Deep Learning the Right Way,[SYNTHETIC] Learn Deep Learning the Right Way — sample description for demo purposes.,UC_ANAL005,AnalyticsHub,2024-08-10T14:21:27Z,28,PT8M56S,sd,false,none,Deep Learning|Tableau|SQL|ETL,85823,5644,725,0,SYNTHETIC_SAMPLE
mbdIlgrTUoj,The Ultimate Power BI Guide,[SYNTHETIC] The Ultimate Power BI Guide — sample description for demo purposes.,UC_CODE003,CodeMaster,2024-02-06T17:58:46Z,22,PT12M43S,hd,false,none,Data Science|ETL|Statistics|Pandas|Dashboard,14558,422,138,0,SYNTHETIC_SAMPLE
eEm101hXpXC,SQL Project Ideas for Your Resume,[SYNTHETIC] SQL Project Ideas for Your Resume — sample description for demo purposes.,UC_TECH001,TechInsights,2022-02-22T01:21:15Z,22,PT24M59S,hd,false,none,Dashboard|Tableau,1307962,18210,15364,0,SYNTHETIC_SAMPLE
hEtxdQ_pBaY,Advanced Data Science Techniques,[SYNTHETIC] Advanced Data Science Techniques — sample description for demo purposes.,UC_SQLE008,SQLExpert,2024-06-27T07:04:44Z,24,PT5M43S,hd,false,none,Python|Data Analytics|ETL,25424,1579,215,0,SYNTHETIC_SAMPLE
_WdwjIgFuJP,Top 10 SQL Tips and Tricks,[SYNTHETIC] Top 10 SQL Tips and Tricks — sample description for demo purposes.,UC_CODE003,CodeMaster,2023-06-24T12:56:37Z,22,PT6M33S,sd,true,none,AI|Statistics,7150,414,38,0,SYNTHETIC_SAMPLE
mlwUr16Jejs,Build a Data Analytics Dashboard from Scratch,[SYNTHETIC] Build a Data Analytics Dashboard from Scratch — sample description for demo purposes.,UC_CODE003,CodeMaster,2023-02-14T02:22:20Z,22,PT14M32S,sd,false,none,Dashboard|AI,5532,169,58,0,SYNTHETIC_SAMPLE
IyHFJNuPhHe,Learn Statistics the Right Way,[SYNTHETIC] Learn Statistics the Right Way — sample description for demo purposes.,UC_CODE003,CodeMaster,2022-07-21T14:20:07Z,28,PT10M28S,hd,true,none,Power BI|ETL|Tableau,35683,2157,358,0,SYNTHETIC_SAMPLE
Ta6P71DOxV4,The Ultimate AI Guide,[SYNTHETIC] The Ultimate AI Guide — sample description for demo purposes.,UC_DATA002,DataDriven,2023-07-28T07:52:35Z,28,PT9M22S,hd,false,none,SQL|Data Science,22943,308,84,0,SYNTHETIC_SAMPLE
HpOlVAgOwDQ,How to Master Dashboard in 2024,[SYNTHETIC] How to Master Dashboard in 2024 — sample description for demo purposes.,UC_DATA002,DataDriven,2022-06-11T17:13:07Z,27,PT1M59S,hd,true,none,Dashboard|Business Intelligence|Excel|NumPy|Data Science,70668,3336,229,0,SYNTHETIC_SAMPLE
O0upIyJVxC9,Business Intelligence vs Everything — Which is Best?,[SYNTHETIC] Business Intelligence vs Everything — Which is Best? — sample description for demo purposes.,UC_SQLE008,SQLExpert,2022-01-01T07:17:36Z,22,PT37M10S,hd,false,none,Dashboard|Machine Learning,21174,1463,137,0,SYNTHETIC_SAMPLE
SrJJ7jcwixL,Top 10 Data Science Tips and Tricks,[SYNTHETIC] Top 10 Data Science Tips and Tricks — sample description for demo purposes.,UC_ANAL005,AnalyticsHub,2022-12-28T22:39:05Z,28,PT10M22S,sd,false,none,AI|Tableau,13744,158,170,0,SYNTHETIC_SAMPLE
PcZyX6v4B7h,Complete ETL Course — Zero to Hero,[SYNTHETIC] Complete ETL Course — Zero to Hero — sample description for demo purposes.,UC_DATA002,DataDriven,2022-12-19T04:38:50Z,22,PT14M50S,hd,false,none,Data Science|Dashboard,10859,731,20,0,SYNTHETIC_SAMPLE
R-_WKfBYjvE,I Tried Visualization for 30 Days — Here's What Happened,[SYNTHETIC] I Tried Visualization for 30 Days — Here's What Happened — sample description for demo purposes.,UC_TECH001,TechInsights,2022-03-18T14:27:03Z,22,PT3M8S,sd,false,none,AI|Dashboard,8118,477,22,0,SYNTHETIC_SAMPLE
J-HprBRKhAx,Build a Machine Learning Dashboard from Scratch,[SYNTHETIC] Build a Machine Learning Dashboard from Scratch — sample description for demo purposes.,UC_BIZA007,BizAnalyst,2022-10-23T21:58:20Z,27,PT13M19S,sd,false,none,Data Science|Excel,10533,396,92,0,SYNTHETIC_SAMPLE
RjUfVpNj1sv,I Tried Data Engineering for 30 Days — Here's What Happened,[SYNTHETIC] I Tried Data Engineering for 30 Days — Here's What Happened — sample description for demo purposes.,UC_PYTH006,PythonPro,2022-06-22T20:44:39Z,25,PT1M11S,sd,false,none,Python|Business Intelligence|Tableau|Statistics|NumPy,69864,5218,271,0,SYNTHETIC_SAMPLE
jSbLQcksYNd,Visualization vs Everything — Which is Best?,[SYNTHETIC] Visualization vs Everything — Which is Best? — sample description for demo purposes.,UC_LEAI004,LearnWithAI,2024-10-14T03:08:33Z,27,PT52M28S,hd,true,none,NumPy|Statistics|Power BI|Python|Machine Learning,58181,2549,644,0,SYNTHETIC_SAMPLE
Mfm9JTc7tFV,AI vs Everything — Which is Best?,[SYNTHETIC] AI vs Everything — Which is Best? — sample description for demo purposes.,UC_BIZA007,BizAnalyst,2022-01-29T12:57:58Z,27,PT21M48S,sd,false,none,Data Science|Pandas|NumPy|AI,4036,295,30,0,SYNTHETIC_SAMPLE
ovziUHR3RAK,Advanced AI Techniques,[SYNTHETIC] Advanced AI Techniques — sample description for demo purposes.,UC_TECH001,TechInsights,2023-10-25T11:46:02Z,22,PT17M1S,sd,false,none,Visualization|Machine Learning|Tableau|Business Intelligence|SQL,61549,4683,877,0,SYNTHETIC_SAMPLE
6XPKkeIUl1j,Data Science Interview Questions and Answers,[SYNTHETIC] Data Science Interview Questions and Answers — sample description for demo purposes.,UC_LEAI004,LearnWithAI,2022-02-15T19:13:07Z,27,PT13M56S,sd,false,none,Data Science|Data Engineering|NumPy|SQL|AI,71453,5263,481,0,SYNTHETIC_SAMPLE
NMobfXi2EPl,Complete Machine Learning Course — Zero to Hero,[SYNTHETIC] Complete Machine Learning Course — Zero to Hero — sample description for demo purposes.,UC_LEAI004,LearnWithAI,2023-08-25T21:33:59Z,28,PT3M36S,sd,false,none,Excel|Tableau|Pandas,15580,828,144,0,SYNTHETIC_SAMPLE
mnl9CNS34BX,Advanced Python Techniques,[SYNTHETIC] Advanced Python Techniques — sample description for demo purposes.,UC_TECH001,TechInsights,2024-08-02T09:16:17Z,24,PT12M2S,sd,false,none,Visualization|Dashboard|Data Analytics|NumPy|ETL,60129,1538,615,0,SYNTHETIC_SAMPLE
cyW9mC4Xsks,Advanced Data Analytics Techniques,[SYNTHETIC] Advanced Data Analytics Techniques — sample description for demo purposes.,UC_SQLE008,SQLExpert,2022-03-26T17:38:49Z,24,PT50M25S,hd,false,none,SQL|Dashboard|Power BI|Visualization|AI,12868,613,190,0,SYNTHETIC_SAMPLE
54fuPTkUfTO,Why Deep Learning is the Future of Tech,[SYNTHETIC] Why Deep Learning is the Future of Tech — sample description for demo purposes.,UC_CODE003,CodeMaster,2022-05-13T12:27:30Z,24,PT8M3S,sd,true,none,Visualization|AI|Data Analytics|Dashboard|SQL,5074,211,68,0,SYNTHETIC_SAMPLE
